68447.210604	75351.418597	-23535.872821	2303.481377	16774.514827	36032.688443	4459.128315	31115.170552	-107017.269077	-187500.022352	-187500.022352	1838.900368	-187500.022352	-187500.022352	-187500.022352	-28230.968503
68487.622558	75395.228016	-23501.697004	2070.822069	16766.758772	36031.347338	4198.574030	31136.874096	-106146.713334	-187500.022352	-187500.022352	2724.968222	-187500.022352	-187500.022352	-187500.022352	-28076.942632
68453.379685	75361.387475	-23525.658074	2277.307484	16772.212597	36021.065536	4423.499635	31105.604006	-107004.886211	-187500.022352	-187500.022352	1879.133508	-187500.022352	-187500.022352	-187500.022352	-28269.637021
68478.681860	75381.235824	-23511.755289	2076.655874	16755.582900	36003.854692	4216.790702	31110.230817	-106227.716056	-187500.022352	-187500.022352	2697.810852	-187500.022352	-187500.022352	-187500.022352	-28065.364428
68460.644002	75368.405922	-23521.120670	2245.143324	16782.472048	36019.836190	4408.926297	31115.014090	-107006.875516	-187500.022352	-187500.022352	1909.353067	-187500.022352	-187500.022352	-187500.022352	-28308.394946
68460.644002	75370.305821	-23526.149812	2104.729665	16759.785027	35993.997573	4268.020900	31105.939282	-106351.075333	-187500.022352	-187500.022352	2630.397991	-187500.022352	-187500.022352	-187500.022352	-28047.505384
68458.341772	75363.712056	-23525.188687	2202.585602	16782.025013	36014.091791	4368.313178	31112.622453	-106956.897015	-187500.022352	-187500.022352	1965.701814	-187500.022352	-187500.022352	-187500.022352	-28332.601885
68446.472996	75352.223259	-23538.599734	2127.729610	16753.034801	35987.180291	4285.634075	31090.449523	-106478.167352	-187500.022352	-187500.022352	2536.610071	-187500.022352	-187500.022352	-187500.022352	-28038.184707
68464.086171	75369.590565	-23518.192591	2167.627474	16781.175647	36014.427068	4320.994535	31111.616625	-106913.780500	-187500.022352	-187500.022352	2042.413001	-187500.022352	-187500.022352	-187500.022352	-28341.743748
68442.695551	75350.435120	-23538.510327	2167.918046	16752.319545	35982.151149	4326.984802	31085.241566	-106635.858910	-187500.022352	-187500.022352	2432.808570	-187500.022352	-187500.022352	-187500.022352	-28034.787242
68476.379630	75387.226091	-23500.087678	2144.024032	16786.316548	36018.606844	4290.886735	31122.479573	-106827.525118	-187500.022352	-187500.022352	2152.674157	-187500.022352	-187500.022352	-187500.022352	-28333.317141
68439.856880	75346.344751	-23539.829080	2210.364009	16752.386600	35980.407713	4371.263608	31081.955860	-106772.673937	-187500.022352	-187500.022352	2336.092572	-187500.022352	-187500.022352	-187500.022352	-28029.914561
68483.643947	75391.070591	-23501.205266	2115.682020	16779.611025	36024.999443	4253.648729	31130.928532	-106762.794466	-187500.022352	-187500.022352	2266.265722	-187500.022352	-187500.022352	-187500.022352	-28316.955664
68436.705284	75338.052253	-23545.707589	2246.305614	16751.336068	35993.170559	4403.383065	31088.348459	-106937.853329	-187500.022352	-187500.022352	2220.243480	-187500.022352	-187500.022352	-187500.022352	-28038.676445
68493.232845	75397.597301	-23491.817533	2082.780252	16781.689737	36033.046071	4229.665307	31137.343483	-106667.129000	-187500.022352	-187500.022352	2397.291648	-187500.022352	-187500.022352	-187500.022352	-28283.606861
68429.128042	75329.782108	-23549.261516	2255.246312	16751.425475	35982.978163	4433.848492	31066.801377	-107056.831665	-187500.022352	-187500.022352	2135.955052	-187500.022352	-187500.022352	-187500.022352	-28059.910603
68494.909226	75392.344641	-23495.773792	2035.439257	16778.292272	36012.415411	4199.043417	31113.181247	-106611.406101	-187500.022352	-187500.022352	2495.929896	-187500.022352	-187500.022352	-187500.022352	-28280.835245
68424.411824	75323.769489	-23551.250822	2260.878952	16757.147522	35973.992762	4455.820257	31054.820842	-107210.566963	-187500.022352	-187500.022352	2017.177882	-187500.022352	-187500.022352	-187500.022352	-28115.409984
68492.450534	75393.596338	-23493.449210	2018.697800	16777.219388	36008.816780	4181.586704	31111.415459	-106569.317766	-187500.022352	-187500.022352	2571.098813	-187500.022352	-187500.022352	-187500.022352	-28250.392169
68422.467223	75328.619817	-23546.780473	2280.436728	16755.024106	35984.207509	4460.402365	31062.040456	-107312.446214	-187500.022352	-187500.022352	1928.843788	-187500.022352	-187500.022352	-187500.022352	-28147.127109
68493.322252	75396.658527	-23490.856408	2017.870786	16766.579958	36013.153018	4165.716966	31118.098631	-106546.273118	-187500.022352	-187500.022352	2643.764334	-187500.022352	-187500.022352	-187500.022352	-28207.812096
68429.865650	75342.701416	-23544.098263	2292.417263	16754.577071	35990.935384	4460.156496	31071.204671	-107414.593686	-187500.022352	-187500.022352	1870.349273	-187500.022352	-187500.022352	-187500.022352	-28182.822845
68487.309633	75410.091926	-23497.226655	2030.141894	16759.226234	36007.900358	4170.723757	31116.623416	-106549.804693	-187500.022352	-187500.022352	2695.709788	-187500.022352	-187500.022352	-187500.022352	-28162.862738
68438.649885	75359.711094	-23537.370388	2301.000333	16756.745190	35992.924689	4465.900894	31080.346534	-107454.469199	-187500.022352	-187500.022352	1846.946996	-187500.022352	-187500.022352	-187500.022352	-28213.936474
68500.899494	75405.710984	-23497.092545	2050.102001	16752.543062	36002.759457	4192.360245	31112.421288	-106573.922226	-187500.022352	-187500.022352	2724.767056	-187500.022352	-187500.022352	-187500.022352	-28121.355548
68453.536147	75365.097864	-23528.183821	2300.575650	16759.583862	36004.346431	4447.371298	31085.263918	-107493.137716	-187500.022352	-187500.022352	1851.372641	-187500.022352	-187500.022352	-187500.022352	-28250.593335
68491.914093	75402.291167	-23496.533751	2072.274932	16752.118379	36008.481504	4204.206670	31112.287177	-106633.221404	-187500.022352	-187500.022352	2734.892396	-187500.022352	-187500.022352	-187500.022352	-28082.038830
68455.436046	75370.954021	-23517.566743	2270.803126	16770.357403	36017.533960	4429.266385	31106.006337	-107466.583844	-187500.022352	-187500.022352	1904.860366	-187500.022352	-187500.022352	-187500.022352	-28277.951870
68485.812066	75388.947176	-23507.016719	2085.037778	16756.186397	36003.362954	4246.518522	31115.282311	-106709.060873	-187500.022352	-187500.022352	2706.036294	-187500.022352	-187500.022352	-187500.022352	-28050.411111
68465.896662	75381.213472	-23516.717376	2236.403791	16779.029879	36016.528132	4412.256707	31111.415459	-107455.296213	-187500.022352	-187500.022352	1938.745611	-187500.022352	-187500.022352	-187500.022352	-28299.275434
68477.139589	75385.616766	-23516.985597	2111.546947	16759.695621	35996.545672	4289.925610	31104.821694	-106833.604793	-187500.022352	-187500.022352	2630.420343	-187500.022352	-187500.022352	-187500.022352	-28027.746442
68471.126970	75386.644946	-23508.335472	2199.925745	16784.439002	36018.226864	4376.762137	31108.934415	-107393.538343	-187500.022352	-187500.022352	2007.745446	-187500.022352	-187500.022352	-187500.022352	-28318.162658
68454.966659	75368.897661	-23524.339321	2136.558549	16754.286498	35988.141416	4315.317192	31078.513691	-106958.908672	-187500.022352	-187500.022352	2540.923958	-187500.022352	-187500.022352	-187500.022352	-28023.074928
68471.819874	75383.135722	-23501.920521	2155.222256	16786.227141	36015.365841	4333.466808	31099.256110	-107345.526796	-187500.022352	-187500.022352	2096.280705	-187500.022352	-187500.022352	-187500.022352	-28333.026568
68447.322362	75359.644039	-23533.659999	2164.475878	16747.871548	35971.668180	4345.246177	31051.937467	-107124.400988	-187500.022352	-187500.022352	2434.529654	-187500.022352	-187500.022352	-187500.022352	-28030.272189
68484.336851	75399.921882	-23502.255798	2122.387543	16773.441943	36013.287129	4285.835241	31096.976232	-107263.048859	-187500.022352	-187500.022352	2198.025846	-187500.022352	-187500.022352	-187500.022352	-28338.860373
68443.544918	75356.067760	-23543.852394	2201.758588	16741.858928	35978.530166	4381.947742	31064.029761	-107256.455094	-187500.022352	-187500.022352	2326.034287	-187500.022352	-187500.022352	-187500.022352	-28035.614256
68479.710040	75398.491370	-23494.432687	2090.022217	16776.593539	36027.234617	4258.342595	31124.357119	-107186.963521	-187500.022352	-187500.022352	2308.577574	-187500.022352	-187500.022352	-187500.022352	-28313.379385
68421.193173	75342.433195	-23542.712455	2233.676879	16745.144635	35990.443646	4425.153664	31076.122055	-107415.778329	-187500.022352	-187500.022352	2212.465073	-187500.022352	-187500.022352	-187500.022352	-28040.598695
68482.280491	75405.062783	-23485.581396	2063.267179	16773.531350	36033.694271	4233.778028	31138.014035	-107095.924866	-187500.022352	-187500.022352	2438.485913	-187500.022352	-187500.022352	-187500.022352	-28279.114160
68419.248571	75344.489556	-23549.753255	2253.167600	16741.948335	35987.604974	4446.611338	31077.440808	-107530.576888	-187500.022352	-187500.022352	2127.260223	-187500.022352	-187500.022352	-187500.022352	-28062.883385
68488.740145	75408.169676	-23496.310234	2029.113713	16767.697545	36018.360975	4201.367998	31116.891636	-107035.172824	-187500.022352	-187500.022352	2533.905510	-187500.022352	-187500.022352	-187500.022352	-28267.155977
68418.645074	75345.182460	-23549.350923	2269.752594	16748.251527	35982.151149	4468.985435	31053.345627	-107668.442448	-187500.022352	-187500.022352	2020.955327	-187500.022352	-187500.022352	-187500.022352	-28104.412926
68494.372784	75415.076365	-23485.693155	2027.370277	16768.368097	36013.041259	4194.841289	31104.866398	-106984.635530	-187500.022352	-187500.022352	2615.847005	-187500.022352	-187500.022352	-187500.022352	-28227.235762
68432.436101	75351.016265	-23541.036074	2287.633990	16754.778237	35985.906242	4479.736624	31051.870412	-107749.802798	-187500.022352	-187500.022352	1943.037145	-187500.022352	-187500.022352	-187500.022352	-28137.761728
68485.432087	75409.354318	-23488.889454	2013.221623	16771.452638	36000.971317	4186.705254	31095.702183	-106963.490780	-187500.022352	-187500.022352	2679.638884	-187500.022352	-187500.022352	-187500.022352	-28189.818941
68421.550801	75339.840393	-23540.365522	2283.051882	16765.685888	35980.497119	4491.851269	31049.210554	-107853.604299	-187500.022352	-187500.022352	1878.708825	-187500.022352	-187500.022352	-187500.022352	-28183.739267
68476.245520	75402.514685	-23493.940949	2016.686143	16768.703374	35998.110294	4202.776158	31091.075372	-106975.493667	-187500.022352	-187500.022352	2720.363762	-187500.022352	-187500.022352	-187500.022352	-28146.702426
68417.639246	75348.267001	-23537.079816	2279.788527	16765.864702	35993.125855	4482.619999	31055.692560	-107883.868561	-187500.022352	-187500.022352	1854.412479	-187500.022352	-187500.022352	-187500.022352	-28216.305759
68473.362145	75393.953966	-23501.294673	2027.951423	16753.906519	35999.630213	4202.195013	31083.229909	-107004.729748	-187500.022352	-187500.022352	2734.311251	-187500.022352	-187500.022352	-187500.022352	-28101.775420
68429.195098	75351.195079	-23527.222696	2260.946007	16757.996888	35992.500006	4448.757106	31066.287287	-107920.391312	-187500.022352	-187500.022352	1849.808019	-187500.022352	-187500.022352	-187500.022352	-28254.415483
68459.280546	75388.768362	-23496.980786	2045.475190	16745.412856	35989.460169	4211.962725	31098.764372	-107077.887008	-187500.022352	-187500.022352	2718.620326	-187500.022352	-187500.022352	-187500.022352	-28079.244862
68440.996819	75365.790768	-23514.348091	2247.959643	16754.867644	36001.485408	4424.125484	31100.373697	-107892.809259	-187500.022352	-187500.022352	1904.234517	-187500.022352	-187500.022352	-187500.022352	-28286.847864
68456.866557	75389.371859	-23507.508458	2080.522726	16732.650010	35986.219166	4244.953900	31108.375622	-107158.621509	-187500.022352	-187500.022352	2690.904163	-187500.022352	-187500.022352	-187500.022352	-28049.628800
68452.642078	75378.933594	-23510.280074	2223.529187	16758.443923	36000.501931	4390.173184	31107.503904	-107869.608148	-187500.022352	-187500.022352	1960.471506	-187500.022352	-187500.022352	-187500.022352	-28305.891550
68453.111464	75378.106580	-23513.856353	2110.317601	16736.002771	35970.036503	4273.385319	31088.907252	-107282.226656	-187500.022352	-187500.022352	2619.758561	-187500.022352	-187500.022352	-187500.022352	-28030.741576
68463.527377	75388.410734	-23497.628987	2191.320323	16770.938548	35997.864425	4348.375422	31106.878055	-107800.116575	-187500.022352	-187500.022352	2030.544225	-187500.022352	-187500.022352	-187500.022352	-28326.723376
68452.776188	75369.724675	-23514.392795	2146.818000	16746.798664	35967.488404	4313.014962	31083.274613	-107405.831803	-187500.022352	-187500.022352	2522.372010	-187500.022352	-187500.022352	-187500.022352	-28018.381061
68471.976336	75400.570083	-23491.616367	2158.552666	16781.667385	35998.825550	4327.677706	31110.499038	-107738.269298	-187500.022352	-187500.022352	2119.079485	-187500.022352	-187500.022352	-187500.022352	-28329.494992
68441.466205	75370.484635	-23519.131365	2193.823718	16753.370077	35974.551555	4370.257779	31086.314450	-107552.235729	-187500.022352	-187500.022352	2423.085561	-187500.022352	-187500.022352	-187500.022352	-28015.967073
68482.660470	75410.248388	-23474.561986	2140.626566	16786.182438	36024.664167	4301.883793	31142.372625	-107628.969267	-187500.022352	-187500.022352	2244.651585	-187500.022352	-187500.022352	-187500.022352	-28303.566969
68453.469092	75372.228071	-23507.553161	2240.158885	16750.665516	35992.500006	4409.708608	31102.765334	-107662.228663	-187500.022352	-187500.022352	2332.493941	-187500.022352	-187500.022352	-187500.022352	-28003.763020
68509.080232	75436.869316	-23452.210242	2115.033819	16777.487609	36035.527114	4262.276502	31155.649561	-107525.570098	-187500.022352	-187500.022352	2391.368436	-187500.022352	-187500.022352	-187500.022352	-28274.889681
68453.111464	75378.285394	-23510.682405	2266.109260	16741.300135	35987.940250	4426.293603	31096.149218	-107800.563610	-187500.022352	-187500.022352	2249.971300	-187500.022352	-187500.022352	-187500.022352	-28022.091451
68498.418450	75430.432013	-23464.615460	2076.186487	16768.211635	36024.351242	4214.913155	31149.882811	-107453.820998	-187500.022352	-187500.022352	2489.582001	-187500.022352	-187500.022352	-187500.022352	-28264.049085
68438.761644	75359.576983	-23523.512307	2277.151022	16742.998867	35986.018000	4446.544283	31091.723572	-107941.290193	-187500.022352	-187500.022352	2120.420589	-187500.022352	-187500.022352	-187500.022352	-28058.278925
68499.312520	75425.984016	-23470.896300	2048.939711	16764.814170	36014.248254	4191.868507	31140.182154	-107412.559678	-187500.022352	-187500.022352	2567.991920	-187500.022352	-187500.022352	-187500.022352	-28243.708997
68432.525508	75356.112463	-23528.608504	2291.232621	16745.591670	35976.853785	4463.419850	31081.821749	-108087.783526	-187500.022352	-187500.022352	2012.819292	-187500.022352	-187500.022352	-187500.022352	-28106.446935
68488.158999	75418.451478	-23474.338469	2029.203120	16763.674231	36002.781809	4184.313617	31134.661273	-107372.304186	-187500.022352	-187500.022352	2646.580654	-187500.022352	-187500.022352	-187500.022352	-28215.434040
68434.291295	75353.966696	-23531.357769	2283.431862	16751.336068	35967.287239	4477.903781	31080.212424	-108167.691012	-187500.022352	-187500.022352	1933.336488	-187500.022352	-187500.022352	-187500.022352	-28153.497357
68487.801372	75408.639062	-23483.301518	2008.773626	16761.841388	35987.694381	4189.655684	31129.073337	-107356.725020	-187500.022352	-187500.022352	2695.285105	-187500.022352	-187500.022352	-187500.022352	-28184.588633
68428.748063	75356.626553	-23538.935010	2274.178240	16750.464350	35968.762454	4480.451880	31088.661383	-108253.924042	-187500.022352	-187500.022352	1877.546534	-187500.022352	-187500.022352	-187500.022352	-28196.233892
68464.063819	75394.736277	-23493.829190	2011.969925	16754.442961	35983.648715	4194.394254	31133.521334	-107364.749296	-187500.022352	-187500.022352	2731.338469	-187500.022352	-187500.022352	-187500.022352	-28144.780176
68400.540161	75333.827774	-23528.295580	2277.374539	16755.448789	35972.606954	4470.527705	31099.122000	-108274.621758	-187500.022352	-187500.022352	1856.222970	-187500.022352	-187500.022352	-187500.022352	-28231.415538
68411.738385	75354.078454	-23499.595940	2027.884367	16742.752998	35972.137567	4206.531251	31120.087936	-107396.377015	-187500.022352	-187500.022352	2740.636795	-187500.022352	-187500.022352	-187500.022352	-28109.218551
68319.448032	75264.403256	-23533.011798	2250.798315	16744.049399	35977.345524	4448.958272	31099.680793	-108285.887037	-187500.022352	-187500.022352	1881.346331	-187500.022352	-187500.022352	-187500.022352	-28267.737123
68272.107038	75227.075842	-23520.338359	2033.919338	16728.984324	35971.109387	4223.317411	31112.287177	-107454.916233	-187500.022352	-187500.022352	2723.403600	-187500.022352	-187500.022352	-187500.022352	-28071.108827
68181.850693	75146.117824	-23540.186708	2216.264870	16745.591670	35987.694381	4423.320821	31106.811000	-108236.221461	-187500.022352	-187500.022352	1902.379322	-187500.022352	-187500.022352	-187500.022352	-28290.625309
68138.577716	75120.748594	-23542.779510	2047.553903	16721.228268	35966.415520	4252.352327	31105.715764	-107523.580792	-187500.022352	-187500.022352	2656.571884	-187500.022352	-187500.022352	-187500.022352	-28048.131233
68102.434945	75078.392038	-23540.656095	2170.108517	16747.603327	35987.470864	4391.558992	31118.903293	-108194.714271	-187500.022352	-187500.022352	1938.320927	-187500.022352	-187500.022352	-187500.022352	-28319.682577
68076.238701	75051.748759	-23548.166281	2069.570371	16722.904649	35955.507869	4292.697226	31099.166703	-107642.402666	-187500.022352	-187500.022352	2548.858827	-187500.022352	-187500.022352	-187500.022352	-28035.502498
68064.995773	75045.713788	-23534.554068	2128.891901	16753.034801	35983.805178	4350.722355	31120.713785	-108110.917581	-187500.022352	-187500.022352	1991.898059	-187500.022352	-187500.022352	-187500.022352	-28337.206344
68043.940430	75017.662348	-23563.611336	2097.487700	16719.216611	35944.153183	4324.213186	31087.789665	-107765.717240	-187500.022352	-187500.022352	2429.500512	-187500.022352	-187500.022352	-187500.022352	-28032.194439
68051.562375	75035.297875	-23545.484071	2083.361397	16747.692734	35979.826567	4310.578622	31112.890674	-108050.769037	-187500.022352	-187500.022352	2061.411984	-187500.022352	-187500.022352	-187500.022352	-28345.074158
68011.239828	74989.320336	-23594.523799	2118.498339	16713.472213	35938.274674	4357.651396	31054.999656	-107918.245544	-187500.022352	-187500.022352	2301.626182	-187500.022352	-187500.022352	-187500.022352	-28044.666713
68045.460349	75028.860572	-23560.906775	2042.681222	16742.216556	35979.312477	4260.041327	31090.047191	-107944.061809	-187500.022352	-187500.022352	2168.812116	-187500.022352	-187500.022352	-187500.022352	-28345.901173
68000.756860	74988.895653	-23611.287607	2152.964729	16705.112661	35936.732404	4380.338416	31030.569199	-108040.643697	-187500.022352	-187500.022352	2188.973390	-187500.022352	-187500.022352	-187500.022352	-28067.465492
68064.638146	75049.088901	-23558.872766	2014.741542	16734.952239	35973.657486	4218.712952	31067.404874	-107869.250520	-187500.022352	-187500.022352	2266.019853	-187500.022352	-187500.022352	-187500.022352	-28340.603809
68021.365168	75007.760526	-23608.672453	2193.019055	16708.510126	35944.019073	4418.649306	31015.168847	-108192.233228	-187500.022352	-187500.022352	2065.323539	-187500.022352	-187500.022352	-187500.022352	-28090.398382
68115.197791	75095.558178	-23555.095322	2004.012704	16739.713161	35991.024791	4207.715894	31069.952973	-107777.563665	-187500.022352	-187500.022352	2369.754299	-187500.022352	-187500.022352	-187500.022352	-28301.130629
68077.959785	75058.677800	-23613.232209	2221.316364	16719.753053	35954.569096	4451.305205	31009.290339	-108298.918104	-187500.022352	-187500.022352	1965.500649	-187500.022352	-187500.022352	-187500.022352	-28103.340042
68182.476542	75156.779606	-23549.261516	1988.008855	16744.518786	35990.398942	4192.717873	31061.280496	-107717.795100	-187500.022352	-187500.022352	2469.666597	-187500.022352	-187500.022352	-187500.022352	-28264.093788
68149.172443	75123.497858	-23594.836723	2244.964510	16731.286553	35968.069550	4479.602513	31015.146496	-108422.769120	-187500.022352	-187500.022352	1883.559154	-187500.022352	-187500.022352	-187500.022352	-28132.553772
68242.938011	75215.944674	-23529.591981	1992.926239	16751.626641	36007.900358	4200.831556	31076.300869	-107671.147009	-187500.022352	-187500.022352	2558.984167	-187500.022352	-187500.022352	-187500.022352	-28212.327148
68214.417185	75177.522025	-23570.965060	2270.870181	16744.071751	35993.572890	4496.522784	31034.726624	-108486.918627	-187500.022352	-187500.022352	1828.797380	-187500.022352	-187500.022352	-187500.022352	-28151.128072
68297.811544	75262.168081	-23515.577437	2002.559841	16757.996888	36010.806085	4204.206670	31076.725552	-107650.382239	-187500.022352	-187500.022352	2638.466971	-187500.022352	-187500.022352	-187500.022352	-28154.972572
68267.927261	75225.555924	-23555.899984	2272.434804	16758.063943	35993.170559	4501.820147	31034.547810	-108563.808628	-187500.022352	-187500.022352	1815.654554	-187500.022352	-187500.022352	-187500.022352	-28182.755790
68333.596687	75296.589768	-23511.174144	2016.037943	16758.086295	36003.631175	4218.958821	31081.307659	-107675.639710	-187500.022352	-187500.022352	2680.979989	-187500.022352	-187500.022352	-187500.022352	-28110.514952
68292.536532	75254.993171	-23550.066179	2266.109260	16755.627603	35994.466960	4485.615133	31059.201784	-108585.176895	-187500.022352	-187500.022352	1801.014161	-187500.022352	-187500.022352	-187500.022352	-28220.485535
68350.092274	75310.224332	-23521.679464	2026.409152	16742.149501	35990.018963	4222.736266	31077.597270	-107718.622114	-187500.022352	-187500.022352	2679.147146	-187500.022352	-187500.022352	-187500.022352	-28081.614146
68335.340123	75286.665593	-23540.745502	2254.195780	16754.264147	35995.070457	4459.262426	31060.162909	-108603.505326	-187500.022352	-187500.022352	1817.196824	-187500.022352	-187500.022352	-187500.022352	-28261.702152
68376.377925	75326.228181	-23522.238257	2062.887199	16737.813263	35991.851806	4243.791609	31081.061790	-107800.429499	-187500.022352	-187500.022352	2658.203561	-187500.022352	-187500.022352	-187500.022352	-28045.113748
68365.202053	75321.936646	-23537.035112	2235.397963	16754.197091	36007.676841	4431.345097	31082.067619	-108560.746439	-187500.022352	-187500.022352	1869.030520	-187500.022352	-187500.022352	-187500.022352	-28270.352277
68392.068850	75344.042521	-23530.217830	2092.838537	16733.052341	35989.013134	4281.275485	31081.911156	-107887.355433	-187500.022352	-187500.022352	2613.053037	-187500.022352	-187500.022352	-187500.022352	-28013.262512
68392.091202	75355.821890	-23521.992388	2209.849919	16758.332164	36014.807047	4398.443329	31093.690526	-108521.183851	-187500.022352	-187500.022352	1948.088640	-187500.022352	-187500.022352	-187500.022352	-28285.864387
68404.719937	75353.676123	-23534.710531	2128.891901	16730.973629	35980.720637	4317.507662	31065.862604	-108011.407615	-187500.022352	-187500.022352	2541.594510	-187500.022352	-187500.022352	-187500.022352	-27993.458866
68420.097938	75362.996800	-23515.689196	2168.812116	16759.539158	36006.380440	4355.952663	31078.357229	-108430.346361	-187500.022352	-187500.022352	2051.286644	-187500.022352	-187500.022352	-187500.022352	-28302.315271
68389.565455	75338.588695	-23548.479205	2155.110497	16732.247678	35966.795500	4348.062497	31042.125051	-108125.714436	-187500.022352	-187500.022352	2461.865838	-187500.022352	-187500.022352	-187500.022352	-28003.427744
68413.794746	75371.334001	-23530.597810	2126.813188	16760.030897	36008.548559	4317.664125	31083.364020	-108356.809122	-187500.022352	-187500.022352	2154.261131	-187500.022352	-187500.022352	-187500.022352	-28316.039242
68367.504283	75323.769489	-23563.410170	2191.499137	16732.582954	35980.206547	4397.415149	31053.457386	-108276.454601	-187500.022352	-187500.022352	2353.325767	-187500.022352	-187500.022352	-187500.022352	-28004.791201
68393.633472	75351.932687	-23517.678501	2100.616944	16763.003679	36021.624329	4285.388206	31106.207503	-108252.471179	-187500.022352	-187500.022352	2267.293902	-187500.022352	-187500.022352	-187500.022352	-28290.580605
68304.919398	75255.551965	-23560.549147	2224.557367	16729.230193	35982.374666	4419.096341	31050.372845	-108396.014082	-187500.022352	-187500.022352	2241.745858	-187500.022352	-187500.022352	-187500.022352	-28010.937930
68293.184733	75253.517956	-23510.302426	2064.384766	16755.292327	36015.343489	4236.907272	31086.962651	-108164.718230	-187500.022352	-187500.022352	2373.330578	-187500.022352	-187500.022352	-187500.022352	-28275.962564
68171.926519	75134.830193	-23572.417924	2234.280376	16724.961010	35963.956829	4434.004955	31014.297129	-108538.282935	-187500.022352	-187500.022352	2117.224290	-187500.022352	-187500.022352	-187500.022352	-28046.812480
68181.805990	75157.316048	-23526.038054	2016.932013	16748.318583	35991.740047	4202.440882	31054.485566	-108079.423973	-187500.022352	-187500.022352	2459.362442	-187500.022352	-187500.022352	-187500.022352	-28267.334791
68090.655576	75065.539785	-23591.640424	2237.476675	16720.289495	35950.992817	4456.669623	30992.548882	-108642.687934	-187500.022352	-187500.022352	1998.827100	-187500.022352	-187500.022352	-187500.022352	-28092.655908
68143.673914	75129.510478	-23535.939877	1991.875707	16738.282649	35985.906242	4187.532268	31038.995807	-108013.285162	-187500.022352	-187500.022352	2551.786906	-187500.022352	-187500.022352	-187500.022352	-28234.857706
68088.576864	75063.550480	-23584.845493	2245.232731	16717.093196	35954.591448	4456.826086	30975.047466	-108748.590499	-187500.022352	-187500.022352	1920.372477	-187500.022352	-187500.022352	-187500.022352	-28127.256409
68171.300670	75144.955533	-23519.466641	1986.399530	16732.627658	35980.027733	4159.346719	31022.880199	-107972.828504	-187500.022352	-187500.022352	2609.096779	-187500.022352	-187500.022352	-187500.022352	-28201.195979
68132.878021	75107.114030	-23569.266328	2265.148135	16728.380827	35969.880041	4463.732775	30987.676202	-108812.360026	-187500.022352	-187500.022352	1837.514560	-187500.022352	-187500.022352	-187500.022352	-28162.996848
68222.284999	75207.316900	-23523.936990	2001.285792	16735.958068	35991.561233	4173.003635	31034.570162	-107961.250301	-187500.022352	-187500.022352	2650.089878	-187500.022352	-187500.022352	-187500.022352	-28146.680075
68205.320025	75181.634746	-23564.885386	2275.206420	16737.343876	35984.498082	4468.896028	31001.556635	-108875.973091	-187500.022352	-187500.022352	1798.823690	-187500.022352	-187500.022352	-187500.022352	-28189.371906
68288.669680	75262.056322	-23521.098318	2021.648231	16739.489644	35992.924689	4197.143519	31030.010406	-107976.248321	-187500.022352	-187500.022352	2675.123832	-187500.022352	-187500.022352	-187500.022352	-28096.343946
68278.253767	75251.148671	-23550.043827	2274.312350	16748.676210	35993.639945	4473.299321	30998.963833	-108878.476486	-187500.022352	-187500.022352	1802.489376	-187500.022352	-187500.022352	-187500.022352	-28217.333939
68350.896937	75311.967768	-23519.801917	2051.510161	16745.122283	35995.562195	4231.766371	31022.947255	-108021.421197	-187500.022352	-187500.022352	2678.878925	-187500.022352	-187500.022352	-187500.022352	-28051.014608
68346.650105	75300.478971	-23538.510327	2269.305559	16759.829731	36008.168579	4459.910626	31010.206760	-108887.148963	-187500.022352	-187500.022352	1830.429057	-187500.022352	-187500.022352	-187500.022352	-28236.176459
68378.680155	75342.969637	-23516.560914	2087.317656	16745.256394	36004.726410	4265.092822	31025.227132	-108107.006026	-187500.022352	-187500.022352	2655.566055	-187500.022352	-187500.022352	-187500.022352	-28009.373308
68381.742344	75344.713073	-23516.851487	2246.015042	16771.922025	36027.838114	4443.683260	31027.283493	-108835.382323	-187500.022352	-187500.022352	1898.288953	-187500.022352	-187500.022352	-187500.022352	-28249.207526
68404.988158	75362.281544	-23508.111955	2114.586784	16752.945394	36005.665184	4300.296819	31017.828705	-108192.724966	-187500.022352	-187500.022352	2615.958764	-187500.022352	-187500.022352	-187500.022352	-27979.399619
68420.410862	75375.178501	-23498.947739	2215.884890	16775.498304	36028.240446	4393.682408	31025.718871	-108785.135601	-187500.022352	-187500.022352	2001.308143	-187500.022352	-187500.022352	-187500.022352	-28264.429064
68423.629513	75375.893757	-23513.051690	2150.394279	16739.042609	35994.288146	4324.146131	30999.075591	-108321.381607	-187500.022352	-187500.022352	2551.183409	-187500.022352	-187500.022352	-187500.022352	-27971.822378
68446.405941	75400.279510	-23487.861274	2175.070605	16768.412801	36026.698175	4359.081907	31028.468135	-108691.302978	-187500.022352	-187500.022352	2092.749130	-187500.022352	-187500.022352	-187500.022352	-28279.918823
68423.540106	75369.836434	-23519.779565	2173.058948	16741.121321	35987.537919	4374.169335	30992.615937	-108441.209309	-187500.022352	-187500.022352	2448.477143	-187500.022352	-187500.022352	-187500.022352	-27975.935099
68457.447703	75403.431106	-23492.353975	2130.031840	16775.028917	36025.692347	4337.110142	31032.603208	-108618.928029	-187500.022352	-187500.022352	2190.225087	-187500.022352	-187500.022352	-187500.022352	-28279.449437
68418.488612	75359.107597	-23537.683313	2203.233803	16743.848234	35989.259003	4423.678449	30984.569309	-108594.698738	-187500.022352	-187500.022352	2337.545435	-187500.022352	-187500.022352	-187500.022352	-27981.545386
68470.434066	75419.122031	-23496.578455	2098.404121	16768.993946	36030.028585	4286.751662	31024.601284	-108516.847612	-187500.022352	-187500.022352	2306.275345	-187500.022352	-187500.022352	-187500.022352	-28273.079189
68425.440005	75366.282507	-23544.925278	2239.913015	16735.265164	35995.115160	4431.456856	30975.248632	-108713.811185	-187500.022352	-187500.022352	2233.699230	-187500.022352	-187500.022352	-187500.022352	-28000.499666
68485.454438	75429.694406	-23489.515303	2079.472194	16763.607176	36039.416318	4238.471894	31031.083290	-108435.241393	-187500.022352	-187500.022352	2420.872738	-187500.022352	-187500.022352	-187500.022352	-28242.569058
68433.151356	75374.373838	-23533.995275	2282.113109	16739.042609	36002.424181	4449.718231	30977.595565	-108851.766151	-187500.022352	-187500.022352	2129.316584	-187500.022352	-187500.022352	-187500.022352	-28009.507419
68500.005424	75446.346455	-23469.711658	2072.386691	16768.233987	36034.029547	4210.040475	31029.630426	-108342.772227	-187500.022352	-187500.022352	2532.989089	-187500.022352	-187500.022352	-187500.022352	-28202.760601
68449.937516	75393.573987	-23518.214943	2310.723342	16752.163083	35998.132646	4480.340121	30975.762722	-108942.201309	-187500.022352	-187500.022352	2048.738545	-187500.022352	-187500.022352	-187500.022352	-28037.804727
68518.110337	75454.482490	-23461.083884	2059.512086	16772.302004	36018.204512	4204.184318	31026.456478	-108282.646034	-187500.022352	-187500.022352	2650.313395	-187500.022352	-187500.022352	-187500.022352	-28166.237851
68445.064836	75383.627460	-23515.242161	2310.119845	16756.074638	35980.385361	4483.961103	30994.337022	-109048.774427	-187500.022352	-187500.022352	1996.837794	-187500.022352	-187500.022352	-187500.022352	-28077.456722
68510.443689	75449.296886	-23458.111102	2039.663737	16769.686850	35994.779884	4186.459385	31046.282476	-108245.944470	-187500.022352	-187500.022352	2726.868120	-187500.022352	-187500.022352	-187500.022352	-28135.213630
68442.740255	75384.610937	-23513.319911	2303.973115	16758.980365	35972.450491	4478.931961	31009.245635	-109102.888000	-187500.022352	-187500.022352	1933.068267	-187500.022352	-187500.022352	-187500.022352	-28127.479926
68496.853828	75442.680769	-23478.227672	2033.896987	16757.818074	35992.857634	4188.515745	31066.533156	-108238.121359	-187500.022352	-187500.022352	2759.121687	-187500.022352	-187500.022352	-187500.022352	-28103.228283
68448.350543	75386.957870	-23523.758176	2297.736978	16752.565414	35989.348410	4475.601551	31041.700368	-109156.755704	-187500.022352	-187500.022352	1899.317133	-187500.022352	-187500.022352	-187500.022352	-28163.935621
68493.925750	75439.238601	-23481.781600	2051.264292	16750.643164	36003.519416	4200.183356	31084.861587	-108257.008583	-187500.022352	-187500.022352	2775.952551	-187500.022352	-187500.022352	-187500.022352	-28054.032094
68465.360220	75393.886911	-23507.128478	2296.820557	16760.433228	36003.251195	4459.217722	31062.308677	-109145.691591	-187500.022352	-187500.022352	1898.557174	-187500.022352	-187500.022352	-187500.022352	-28187.248491
68494.886875	75427.883914	-23479.144094	2079.673359	16753.235966	35997.506797	4223.228004	31081.352363	-108302.226162	-187500.022352	-187500.022352	2761.692138	-187500.022352	-187500.022352	-187500.022352	-28011.787297
68470.478770	75404.258121	-23498.992443	2280.637894	16766.736420	35997.685611	4433.759085	31058.799453	-109146.317440	-187500.022352	-187500.022352	1922.697058	-187500.022352	-187500.022352	-187500.022352	-28221.379605
68486.572026	75423.525324	-23486.676632	2100.236964	16750.218481	35981.190024	4255.749793	31064.700313	-108389.710890	-187500.022352	-187500.022352	2720.028486	-187500.022352	-187500.022352	-187500.022352	-27994.196474
68474.211511	75411.030699	-23484.597920	2239.153056	16776.548836	36001.775980	4421.823254	31073.506900	-109078.166971	-187500.022352	-187500.022352	1983.247934	-187500.022352	-187500.022352	-187500.022352	-28248.380512
68481.967566	75409.153153	-23484.754382	2120.040610	16750.084370	35972.606954	4299.134529	31062.845118	-108473.015842	-187500.022352	-187500.022352	2660.349329	-187500.022352	-187500.022352	-187500.022352	-27977.119741
68485.968529	75420.641949	-23472.975012	2200.618649	16776.481781	35998.937309	4393.503594	31081.933508	-109020.275953	-187500.022352	-187500.022352	2076.767633	-187500.022352	-187500.022352	-187500.022352	-28273.101541
68478.100714	75407.968510	-23496.131420	2153.769392	16746.038705	35977.367875	4349.604768	31061.861642	-108599.906695	-187500.022352	-187500.022352	2588.622581	-187500.022352	-187500.022352	-187500.022352	-27968.782540
68494.104563	75430.297903	-23471.477446	2169.683834	16778.046403	36016.595187	4360.199494	31095.255148	-108920.006027	-187500.022352	-187500.022352	2170.041462	-187500.022352	-187500.022352	-187500.022352	-28272.162768
68465.539034	75395.540940	-23501.048803	2193.063759	16748.363286	35981.525300	4388.899134	31057.346589	-108711.933638	-187500.022352	-187500.022352	2478.204963	-187500.022352	-187500.022352	-187500.022352	-27959.126587
68504.341662	75436.534040	-23463.989611	2139.486628	16782.114420	36020.529094	4317.150035	31098.697316	-108836.790483	-187500.022352	-187500.022352	2268.925580	-187500.022352	-187500.022352	-187500.022352	-28261.411579
68462.409790	75396.703231	-23507.486106	2229.050068	16748.631507	35982.419370	4420.817425	31058.642990	-108863.992556	-187500.022352	-187500.022352	2366.133316	-187500.022352	-187500.022352	-187500.022352	-27966.860290
68523.832384	75449.676865	-23458.491082	2111.368133	16780.236874	36024.172428	4284.114156	31115.438773	-108732.296077	-187500.022352	-187500.022352	2381.377206	-187500.022352	-187500.022352	-187500.022352	-28242.904334
68464.644964	75389.058934	-23509.028376	2268.389138	16749.927908	35990.644811	4465.744432	31075.652668	-108979.685185	-187500.022352	-187500.022352	2252.742917	-187500.022352	-187500.022352	-187500.022352	-27976.158616
68522.692445	75446.614676	-23452.299649	2094.179642	16779.879246	36033.202533	4269.786688	31135.018901	-108656.389553	-187500.022352	-187500.022352	2484.083472	-187500.022352	-187500.022352	-187500.022352	-28208.862628
68465.315517	75390.176522	-23504.178048	2291.031455	16752.230138	35993.841111	4497.528612	31075.205633	-109123.742178	-187500.022352	-187500.022352	2143.733459	-187500.022352	-187500.022352	-187500.022352	-27996.230483
68536.997561	75462.082083	-23442.509585	2065.278836	16776.839408	36028.665129	4245.400935	31120.289102	-108574.693927	-187500.022352	-187500.022352	2594.523441	-187500.022352	-187500.022352	-187500.022352	-28179.403028
68479.195950	75396.077382	-23497.673690	2302.833176	16756.834597	35988.700210	4505.910516	31051.333970	-109210.399891	-187500.022352	-187500.022352	2063.848324	-187500.022352	-187500.022352	-187500.022352	-28034.161393
68540.395026	75464.250203	-23447.605782	2042.435353	16769.910368	36014.650585	4221.372810	31099.859607	-108518.993380	-187500.022352	-187500.022352	2695.150995	-187500.022352	-187500.022352	-187500.022352	-28159.666438
68468.131836	75382.241652	-23505.899132	2301.827347	16754.666478	35988.834320	4516.035857	31054.329104	-109312.904991	-187500.022352	-187500.022352	2004.571498	-187500.022352	-187500.022352	-187500.022352	-28083.849321
68532.370750	75442.479604	-23458.155806	2028.554920	16761.327298	36009.956719	4218.757655	31102.810037	-108485.510467	-187500.022352	-187500.022352	2755.835981	-187500.022352	-187500.022352	-187500.022352	-28120.327368
68478.190121	75390.668260	-23505.496801	2298.429882	16753.168911	35992.365896	4515.074732	31063.627429	-109354.166312	-187500.022352	-187500.022352	1942.254834	-187500.022352	-187500.022352	-187500.022352	-28124.484792
68529.353264	75445.027702	-23461.933251	2032.757048	16751.760751	36004.189969	4228.614775	31110.677852	-108472.591158	-187500.022352	-187500.022352	2786.994313	-187500.022352	-187500.022352	-187500.022352	-28080.496559
68478.771267	75393.350469	-23501.317024	2291.925525	16758.399219	35994.668125	4512.504281	31083.721648	-109396.969902	-187500.022352	-187500.022352	1910.157729	-187500.022352	-187500.022352	-187500.022352	-28165.634354
68526.648703	75444.491261	-23465.263661	2044.581121	16760.075600	35998.065591	4247.434944	31115.282311	-108502.140165	-187500.022352	-187500.022352	2791.844641	-187500.022352	-187500.022352	-187500.022352	-28046.097224
68483.956872	75401.665318	-23491.638719	2275.787565	16770.871493	35997.216224	4494.444072	31085.040401	-109380.362556	-187500.022352	-187500.022352	1916.438570	-187500.022352	-187500.022352	-187500.022352	-28198.670232
68522.401872	75434.812955	-23464.883681	2069.995054	16760.187359	35998.847902	4268.467935	31104.955805	-108545.569604	-187500.022352	-187500.022352	2772.756251	-187500.022352	-187500.022352	-187500.022352	-28011.384965
68506.241561	75418.026795	-23471.544501	2266.489240	16777.800534	36020.126762	4481.815336	31108.845008	-109352.892262	-187500.022352	-187500.022352	1959.063346	-187500.022352	-187500.022352	-187500.022352	-28218.853857
68530.895535	75448.000484	-23460.569794	2109.155310	16756.275804	36008.481504	4304.431892	31112.845971	-108609.294428	-187500.022352	-187500.022352	2745.978862	-187500.022352	-187500.022352	-187500.022352	-27967.553194
68521.708968	75437.919848	-23463.162597	2235.532073	16773.240778	36022.093716	4436.195426	31108.777953	-109259.260805	-187500.022352	-187500.022352	2038.255577	-187500.022352	-187500.022352	-187500.022352	-28237.539916
68518.445613	75436.489336	-23469.510492	2132.736401	16745.770484	35993.170559	4327.007154	31087.409686	-108708.446766	-187500.022352	-187500.022352	2668.887695	-187500.022352	-187500.022352	-187500.022352	-27963.663991
68531.253163	75446.100586	-23455.384190	2202.116215	16771.720859	36019.813838	4390.039073	31098.250282	-109218.647685	-187500.022352	-187500.022352	2127.014354	-187500.022352	-187500.022352	-187500.022352	-28259.601088
68509.504915	75427.392176	-23474.941966	2170.242628	16742.998867	35986.487387	4355.662090	31068.902441	-108851.006192	-187500.022352	-187500.022352	2593.405854	-187500.022352	-187500.022352	-187500.022352	-27956.869061
68536.461119	75452.671999	-23448.164576	2171.471974	16774.783048	36022.540751	4350.588244	31104.620529	-109126.580849	-187500.022352	-187500.022352	2219.662335	-187500.022352	-187500.022352	-187500.022352	-28260.763378
68499.089003	75410.851885	-23484.530864	2212.107445	16745.904594	35991.695343	4403.941858	31074.110398	-108970.118638	-187500.022352	-187500.022352	2483.815251	-187500.022352	-187500.022352	-187500.022352	-27950.521165
68535.812919	75452.493185	-23449.170405	2136.983232	16778.627548	36039.885705	4323.699096	31127.128735	-109045.131093	-187500.022352	-187500.022352	2324.469665	-187500.022352	-187500.022352	-187500.022352	-28242.680817
68491.556465	75407.946158	-23492.890417	2242.438762	16747.357458	36011.476637	4449.382955	31092.260014	-109118.266001	-187500.022352	-187500.022352	2373.040005	-187500.022352	-187500.022352	-187500.022352	-27950.208241
68546.787625	75457.142348	-23442.487233	2115.436150	16777.062926	36048.960513	4297.525203	31142.417329	-108933.506481	-187500.022352	-187500.022352	2440.609329	-187500.022352	-187500.022352	-187500.022352	-28216.752793
68494.797468	75405.219246	-23491.325795	2280.101452	16745.301097	35997.484445	4474.483964	31078.848967	-109232.863394	-187500.022352	-187500.022352	2260.700138	-187500.022352	-187500.022352	-187500.022352	-27965.608593
68557.494111	75467.155929	-23427.958599	2086.200069	16772.681984	36022.451344	4254.945130	31116.824581	-108860.036297	-187500.022352	-187500.022352	2541.996842	-187500.022352	-187500.022352	-187500.022352	-28201.106572
68493.590473	75405.621577	-23480.149922	2297.312295	16747.402161	35981.547651	4492.924153	31053.367979	-109368.046745	-187500.022352	-187500.022352	2157.680948	-187500.022352	-187500.022352	-187500.022352	-28004.835904
68556.577689	75470.531043	-23425.566962	2055.555827	16768.055173	36016.326966	4234.336821	31101.379526	-108778.698299	-187500.022352	-187500.022352	2644.166666	-187500.022352	-187500.022352	-187500.022352	-28174.820921
68494.886875	75401.710022	-23485.491989	2296.686446	16748.653859	35986.129759	4506.201089	31044.449633	-109455.039734	-187500.022352	-187500.022352	2066.910513	-187500.022352	-187500.022352	-187500.022352	-28047.214812
68553.157872	75468.899366	-23434.664122	2034.567539	16767.496379	36019.500914	4221.641031	31097.043287	-108727.959839	-187500.022352	-187500.022352	2735.026507	-187500.022352	-187500.022352	-187500.022352	-28147.216516
68486.504970	75406.426240	-23489.872931	2299.927449	16757.952184	36003.653527	4524.373057	31059.447653	-109543.731456	-187500.022352	-187500.022352	2014.518024	-187500.022352	-187500.022352	-187500.022352	-28092.588853
68551.146215	75467.535909	-23430.372587	2040.378993	16773.710164	36034.498934	4252.709955	31126.189962	-108693.001711	-187500.022352	-187500.022352	2798.326647	-187500.022352	-187500.022352	-187500.022352	-28101.283682
68500.608921	75411.768307	-23473.399696	2321.295717	16773.285481	36021.087887	4556.984253	31101.066601	-109579.851875	-187500.022352	-187500.022352	1970.619198	-187500.022352	-187500.022352	-187500.022352	-28110.939635
68548.531061	75464.563127	-23435.424082	2059.802659	16767.563435	36032.710795	4272.401842	31151.916820	-108694.812202	-187500.022352	-187500.022352	2831.496636	-187500.022352	-187500.022352	-187500.022352	-28041.448062
68508.052052	75411.120106	-23481.491027	2315.439560	16762.109609	36028.575722	4539.281671	31131.174401	-109620.576754	-187500.022352	-187500.022352	1950.860256	-187500.022352	-187500.022352	-187500.022352	-28141.561525
68549.827462	75452.247316	-23458.044047	2074.934790	16750.240833	36024.395946	4270.501944	31151.805061	-108728.473929	-187500.022352	-187500.022352	2833.038906	-187500.022352	-187500.022352	-187500.022352	-28005.014718
68517.752709	75419.457307	-23488.285957	2297.245240	16756.521673	36016.595187	4501.440168	31114.343538	-109594.872248	-187500.022352	-187500.022352	1958.415146	-187500.022352	-187500.022352	-187500.022352	-28186.108552
68546.072369	75449.095720	-23474.830207	2089.597534	16741.925984	36003.273547	4283.957694	31117.517485	-108779.905293	-187500.022352	-187500.022352	2796.985542	-187500.022352	-187500.022352	-187500.022352	-27992.385983
68528.503898	75432.533077	-23491.370498	2260.946007	16764.992984	36013.175370	4478.976664	31096.506846	-109573.146352	-187500.022352	-187500.022352	1990.154623	-187500.022352	-187500.022352	-187500.022352	-28225.291160
68538.383369	75443.530136	-23486.341356	2113.335087	16751.850158	36002.513588	4323.609689	31095.702183	-108872.262701	-187500.022352	-187500.022352	2740.681498	-187500.022352	-187500.022352	-187500.022352	-27973.722276
68534.315352	75439.059787	-23481.982765	2236.984937	16780.415688	36031.839076	4452.333385	31105.782819	-109494.490563	-187500.022352	-187500.022352	2058.573313	-187500.022352	-187500.022352	-187500.022352	-28242.166727
68524.614695	75429.806164	-23493.829190	2149.969596	16755.225272	36014.516475	4364.513381	31098.518503	-108966.944691	-187500.022352	-187500.022352	2668.574771	-187500.022352	-187500.022352	-187500.022352	-27951.683456
68542.049055	75446.055883	-23483.569739	2197.645867	16783.947263	36049.206382	4412.502576	31126.905218	-109424.976638	-187500.022352	-187500.022352	2164.855857	-187500.022352	-187500.022352	-187500.022352	-28254.594297
68511.427165	75421.044281	-23514.392795	2177.842221	16752.632469	36014.918806	4401.103187	31096.082162	-109096.920085	-187500.022352	-187500.022352	2584.956895	-187500.022352	-187500.022352	-187500.022352	-27952.354008
68538.875108	75449.430996	-23484.977899	2157.233913	16782.628510	36050.480431	4376.963303	31129.050985	-109319.051721	-187500.022352	-187500.022352	2251.290053	-187500.022352	-187500.022352	-187500.022352	-28263.937326
68503.425241	75417.333891	-23516.538562	2212.867405	16750.062019	36011.163713	4439.995222	31092.751752	-109211.919810	-187500.022352	-187500.022352	2461.508210	-187500.022352	-187500.022352	-187500.022352	-27957.047875
68555.773026	75465.032514	-23464.034315	2134.993927	16787.881170	36056.470699	4344.597977	31146.708864	-109227.588383	-187500.022352	-187500.022352	2348.184865	-187500.022352	-187500.022352	-187500.022352	-28246.972352
68509.817840	75422.720661	-23499.886513	2270.154926	16757.773370	36026.094678	4485.279856	31109.761430	-109351.595861	-187500.022352	-187500.022352	2344.429772	-187500.022352	-187500.022352	-187500.022352	-27952.488119
68563.752599	75476.387200	-23451.830262	2121.716991	16779.342804	36065.769025	4310.109235	31160.522242	-109116.634323	-187500.022352	-187500.022352	2464.369233	-187500.022352	-187500.022352	-187500.022352	-28211.142506
68499.826610	75415.121068	-23510.861219	2299.703932	16744.988173	36028.218094	4500.076711	31108.733250	-109464.762743	-187500.022352	-187500.022352	2236.582605	-187500.022352	-187500.022352	-187500.022352	-27968.514319
68558.030553	75479.471741	-23459.251041	2097.822976	16773.173722	36066.953667	4273.497078	31158.845861	-109041.152482	-187500.022352	-187500.022352	2566.896685	-187500.022352	-187500.022352	-187500.022352	-28182.286403
68499.826610	75413.914074	-23518.594923	2314.880766	16749.614984	36026.586417	4521.869662	31087.387334	-109595.498096	-187500.022352	-187500.022352	2129.651860	-187500.022352	-187500.022352	-187500.022352	-28004.791201
68555.214233	75475.001392	-23465.442475	2067.938694	16775.833580	36056.537754	4264.176400	31134.325997	-108968.911644	-187500.022352	-187500.022352	2658.427079	-187500.022352	-187500.022352	-187500.022352	-28163.242717
68497.032642	75397.865522	-23524.585190	2317.317106	16757.035763	36021.087887	4538.275842	31069.930621	-109681.082926	-187500.022352	-187500.022352	2039.373164	-187500.022352	-187500.022352	-187500.022352	-28053.182727
68549.849814	75470.888671	-23471.008059	2048.805600	16771.184417	36046.702987	4249.379545	31121.138468	-108925.146928	-187500.022352	-187500.022352	2736.479370	-187500.022352	-187500.022352	-187500.022352	-28134.833650
68483.934520	75404.727507	-23527.245048	2313.562013	16758.756847	36018.405678	4538.924043	31070.467063	-109767.383011	-187500.022352	-187500.022352	1990.422844	-187500.022352	-187500.022352	-187500.022352	-28098.802638
68542.831366	75460.226889	-23481.043992	2039.507275	16765.283557	36033.850734	4229.173568	31113.002433	-108906.527925	-187500.022352	-187500.022352	2787.128423	-187500.022352	-187500.022352	-187500.022352	-28101.306033
68494.618654	75403.386403	-23522.081795	2306.901193	16760.075600	36018.271568	4513.778331	31073.439845	-109805.962122	-187500.022352	-187500.022352	1933.560006	-187500.022352	-187500.022352	-187500.022352	-28142.455595
68550.855643	75459.243412	-23471.075114	2050.973719	16760.947318	36030.855600	4231.252281	31115.818753	-108918.173184	-187500.022352	-187500.022352	2798.103130	-187500.022352	-187500.022352	-187500.022352	-28056.334323
68507.582665	75418.786754	-23495.438516	2304.889536	16768.815132	36023.099544	4513.130130	31093.243491	-109839.869719	-187500.022352	-187500.022352	1911.454131	-187500.022352	-187500.022352	-187500.022352	-28168.495377
68556.242413	75467.871185	-23465.241309	2080.589781	16759.226234	36028.463963	4270.390185	31125.430003	-108961.088534	-187500.022352	-187500.022352	2792.314028	-187500.022352	-187500.022352	-187500.022352	-28012.994291
68517.372729	75439.998560	-23490.521132	2296.082949	16774.872455	36031.280283	4512.347819	31106.229854	-109804.285741	-187500.022352	-187500.022352	1938.477390	-187500.022352	-187500.022352	-187500.022352	-28196.882093
68540.707951	75457.879956	-23478.138265	2100.996924	16763.003679	36019.143286	4317.306497	31111.638977	-109012.966932	-187500.022352	-187500.022352	2762.094469	-187500.022352	-187500.022352	-187500.022352	-27978.393791
68515.942218	75440.579705	-23493.605673	2262.041242	16780.840371	36035.884742	4491.493641	31098.093819	-109778.335366	-187500.022352	-187500.022352	1980.118690	-187500.022352	-187500.022352	-187500.022352	-28223.100689
68539.031570	75447.508746	-23494.186818	2121.940508	16754.912347	36016.885759	4339.859407	31082.335840	-109113.370969	-187500.022352	-187500.022352	2697.475576	-187500.022352	-187500.022352	-187500.022352	-27963.306363
68537.578706	75455.533022	-23485.827265	2227.619556	16775.028917	36042.031472	4432.038001	31082.067619	-109688.883685	-187500.022352	-187500.022352	2051.353699	-187500.022352	-187500.022352	-187500.022352	-28244.066625
68527.498070	75449.363941	-23491.325795	2161.458392	16748.095065	36010.381402	4353.471619	31052.831537	-109203.113222	-187500.022352	-187500.022352	2620.339706	-187500.022352	-187500.022352	-187500.022352	-27952.197546
68545.021837	75468.362924	-23463.587280	2206.161881	16778.582845	36052.626199	4377.566800	31088.370811	-109612.016036	-187500.022352	-187500.022352	2164.431174	-187500.022352	-187500.022352	-187500.022352	-28253.521413
68519.451442	75440.244429	-23491.705774	2207.033599	16747.379809	36018.808009	4380.249009	31063.761540	-109333.379189	-187500.022352	-187500.022352	2543.293243	-187500.022352	-187500.022352	-187500.022352	-27934.562020
68557.449407	75482.198653	-23455.942983	2177.104613	16779.275749	36055.531926	4343.949776	31106.833351	-109501.464307	-187500.022352	-187500.022352	2268.523248	-187500.022352	-187500.022352	-187500.022352	-28238.232820
68518.400910	75440.020912	-23492.532789	2247.266739	16748.340934	36015.097620	4428.349963	31071.316430	-109448.691839	-187500.022352	-187500.022352	2431.221596	-187500.022352	-187500.022352	-187500.022352	-27936.573677
68560.511596	75486.132561	-23448.678666	2145.052212	16781.220350	36055.196649	4322.290936	31127.978102	-109413.957228	-187500.022352	-187500.022352	2369.396671	-187500.022352	-187500.022352	-187500.022352	-28225.224105
68512.589456	75430.096737	-23493.203341	2280.794356	16754.845292	36020.640853	4483.961103	31094.182264	-109592.167686	-187500.022352	-187500.022352	2313.986696	-187500.022352	-187500.022352	-187500.022352	-27941.312246
68569.385239	75488.658308	-23444.185966	2115.324392	16778.582845	36062.796243	4301.794386	31148.005265	-109306.467689	-187500.022352	-187500.022352	2482.652960	-187500.022352	-187500.022352	-187500.022352	-28194.401049
68522.915962	75433.091871	-23501.853466	2297.088778	16745.032876	36017.668071	4501.641333	31076.412627	-109699.612522	-187500.022352	-187500.022352	2206.385399	-187500.022352	-187500.022352	-187500.022352	-27971.576508
68581.969271	75499.051869	-23452.903146	2079.315731	16764.188321	36042.366748	4250.653595	31104.039383	-109234.092740	-187500.022352	-187500.022352	2583.012293	-187500.022352	-187500.022352	-187500.022352	-28184.901558
68514.735224	75430.074385	-23516.493859	2310.991563	16735.376923	36009.040297	4502.356589	31035.575990	-109828.313867	-187500.022352	-187500.022352	2106.942488	-187500.022352	-187500.022352	-187500.022352	-28022.046747
68576.381335	75494.223892	-23464.906033	2062.283702	16758.376868	36045.875972	4228.480664	31092.036497	-109157.359202	-187500.022352	-187500.022352	2678.744814	-187500.022352	-187500.022352	-187500.022352	-28158.995886
68511.941256	75429.247371	-23523.624065	2321.832159	16744.876414	36023.703042	4517.287554	31046.595400	-109896.084356	-187500.022352	-187500.022352	2030.655984	-187500.022352	-187500.022352	-187500.022352	-28059.240050
68578.504751	75493.039250	-23468.906995	2052.225417	16760.142655	36048.178202	4228.167740	31099.099648	-109107.447756	-187500.022352	-187500.022352	2762.005062	-187500.022352	-187500.022352	-187500.022352	-28116.236999
68519.384386	75432.600133	-23514.683368	2324.268499	16756.365211	36031.123821	4529.066924	31060.341723	-109968.481656	-187500.022352	-187500.022352	1990.087568	-187500.022352	-187500.022352	-187500.022352	-28093.259405
68573.565015	75494.827389	-23462.469693	2054.326481	16764.098914	36045.093661	4235.096781	31104.173494	-109089.834582	-187500.022352	-187500.022352	2811.134197	-187500.022352	-187500.022352	-187500.022352	-28077.032039
68531.521384	75437.897496	-23495.952606	2319.820502	16765.395315	36032.777850	4524.775389	31073.372790	-109987.145363	-187500.022352	-187500.022352	1954.101259	-187500.022352	-187500.022352	-187500.022352	-28135.280685
68577.521274	75487.496017	-23444.945925	2067.290493	16771.430286	36042.679673	4258.722575	31114.656462	-109095.757794	-187500.022352	-187500.022352	2827.160397	-187500.022352	-187500.022352	-187500.022352	-28034.787242
68535.455291	75435.707025	-23472.729143	2309.762217	16785.400127	36039.461021	4534.140770	31098.250282	-110007.083119	-187500.022352	-187500.022352	1945.160561	-187500.022352	-187500.022352	-187500.022352	-28159.822900
68562.344439	75468.720552	-23450.243288	2085.216592	16774.738345	36036.443536	4301.593220	31124.401823	-109143.702286	-187500.022352	-187500.022352	2811.335362	-187500.022352	-187500.022352	-187500.022352	-27982.506512
68536.975209	75449.006313	-23475.947794	2283.051882	16782.382641	36042.769080	4515.074732	31101.513636	-109965.710040	-187500.022352	-187500.022352	1966.350015	-187500.022352	-187500.022352	-187500.022352	-28184.678040
68560.176320	75466.328915	-23466.157730	2099.812281	16755.068809	36028.240446	4314.825453	31097.333860	-109194.574856	-187500.022352	-187500.022352	2774.030301	-187500.022352	-187500.022352	-187500.022352	-27961.518223
