54255.797476	66802.301026	-30827.972988	586.219202	33385.347830	39704.454208	21603.743327	14973.724183	-134531.372432	187500.000000	187500.000000	24969.647821	187500.000000	187500.000000	187500.000000	-34291.353439
54455.152685	66997.655272	-30647.773224	331.118742	33456.515784	39870.728835	20895.014214	15163.177569	-133790.166234	187500.000000	187500.000000	25335.232953	187500.000000	187500.000000	187500.000000	-33459.421511
54264.872285	66811.889924	-30826.363662	602.468920	33392.187463	39712.076153	21504.993320	14976.138172	-134597.511244	187500.000000	187500.000000	24877.960965	187500.000000	187500.000000	187500.000000	-34393.635022
54453.722173	66993.117868	-30661.698361	309.750475	33435.460441	39860.312922	20988.466857	15147.173720	-133725.837913	187500.000000	187500.000000	25412.502934	187500.000000	187500.000000	187500.000000	-33362.057312
54279.110346	66830.419520	-30812.840857	602.826548	33402.201045	39728.549388	21382.036374	14987.962245	-134640.694814	187500.000000	187500.000000	24807.307101	187500.000000	187500.000000	187500.000000	-34468.222793
54444.557958	66985.093592	-30668.090960	306.151844	33427.927903	39850.612265	21106.841696	15136.131959	-133696.266555	187500.000000	187500.000000	25480.787513	187500.000000	187500.000000	187500.000000	-33305.462695
54299.472785	66854.179425	-30789.215063	603.854728	33423.301092	39756.578476	21255.212576	15015.074911	-134648.562628	187500.000000	187500.000000	24759.966106	187500.000000	187500.000000	187500.000000	-34496.833026
54427.727095	66972.822484	-30686.709963	315.427818	33408.705402	39839.682262	21227.608171	15124.754921	-133695.283079	187500.000000	187500.000000	25515.924456	187500.000000	187500.000000	187500.000000	-33282.283936
54331.167559	66884.801314	-30769.657286	596.322190	33431.057147	39778.863165	21118.509307	15038.432483	-134630.524770	187500.000000	187500.000000	24742.040007	187500.000000	187500.000000	187500.000000	-34487.244128
54410.404493	66954.896385	-30706.692422	326.737800	33389.482902	39810.110904	21341.624420	15092.814278	-133734.778611	187500.000000	187500.000000	25536.286895	187500.000000	187500.000000	187500.000000	-33305.797971
54360.023661	66908.605922	-30739.214210	566.370853	33445.161098	39792.385971	20984.778820	15046.009725	-134578.624019	187500.000000	187500.000000	24754.311115	187500.000000	187500.000000	187500.000000	-34437.310331
54384.364710	66926.889649	-30731.994597	334.046821	33378.865824	39775.152776	21442.944877	15049.228376	-133802.683211	187500.000000	187500.000000	25523.501697	187500.000000	187500.000000	187500.000000	-33371.288582
54378.419146	66931.628219	-30720.438745	521.197977	33453.095967	39814.804770	20860.681934	15075.961062	-134502.426923	187500.000000	187500.000000	24777.579281	187500.000000	187500.000000	187500.000000	-34357.872231
54351.015908	66904.984940	-30755.620391	363.595827	33366.617068	39770.347151	21536.330466	15050.010687	-133894.437122	187500.000000	187500.000000	25479.155836	187500.000000	187500.000000	187500.000000	-33469.323333
54412.259687	66966.787513	-30694.510722	492.073654	33465.255316	39848.041814	20770.112666	15118.876412	-134399.765360	187500.000000	187500.000000	24837.549011	187500.000000	187500.000000	187500.000000	-34235.161154
54336.867253	66889.361070	-30774.194690	405.460644	33355.217678	39751.594037	21611.633493	15032.308106	-134000.496149	187500.000000	187500.000000	25419.789603	187500.000000	187500.000000	187500.000000	-33591.900300
54442.769819	66993.967234	-30665.296992	459.149535	33464.428301	39867.331370	20709.807659	15142.926889	-134282.508109	187500.000000	187500.000000	24912.628521	187500.000000	187500.000000	187500.000000	-34094.345164
54313.263811	66868.417486	-30783.872996	441.514008	33353.116614	39735.925464	21660.226185	15021.691027	-134116.591110	187500.000000	187500.000000	25340.127985	187500.000000	187500.000000	187500.000000	-33730.525819
54458.147819	67010.306360	-30635.122136	411.339153	33475.537118	39882.307039	20685.287796	15170.754811	-134155.080814	187500.000000	187500.000000	25002.124906	187500.000000	187500.000000	187500.000000	-33934.664301
54296.052968	66855.945212	-30793.260729	473.253485	33356.871707	39721.329775	21676.811180	15003.630817	-134236.284701	187500.000000	187500.000000	25238.740473	187500.000000	187500.000000	187500.000000	-33882.316516
54477.660892	67030.691151	-30625.779107	369.094356	33469.971534	39891.784178	20694.228493	15180.790744	-134029.039327	187500.000000	187500.000000	25096.493971	187500.000000	187500.000000	187500.000000	-33776.995096
54293.638980	66850.871366	-30799.452162	510.200919	33360.604448	39721.307423	21660.069723	14997.148811	-134346.568209	187500.000000	187500.000000	25137.509422	187500.000000	187500.000000	187500.000000	-34028.452221
54503.655971	67053.869910	-30609.730555	339.612405	33459.376807	39900.166082	20735.601572	15188.233875	-133905.657697	187500.000000	187500.000000	25200.027251	187500.000000	187500.000000	187500.000000	-33612.843885
54306.312419	66865.936442	-30794.244205	542.163914	33357.609315	39723.296729	21603.050423	14993.483125	-134437.897436	187500.000000	187500.000000	25050.538784	187500.000000	187500.000000	187500.000000	-34153.733749
54507.813395	67059.815474	-30607.405973	302.039123	33439.461403	39892.499434	20784.730707	15183.048270	-133801.655030	187500.000000	187500.000000	25310.578979	187500.000000	187500.000000	187500.000000	-33465.568240
54306.401826	66860.929651	-30786.197577	552.825696	33373.859033	39729.063479	21503.205181	15002.826155	-134535.060470	187500.000000	187500.000000	24951.386446	187500.000000	187500.000000	187500.000000	-34281.295154
54495.609343	67044.616287	-30605.550779	277.362797	33439.997845	39890.845405	20867.230996	15190.960788	-133737.773745	187500.000000	187500.000000	25393.705117	187500.000000	187500.000000	187500.000000	-33364.270134
54304.546631	66867.791637	-30771.333667	562.504001	33390.868710	39740.954607	21390.664147	15018.002989	-134601.825130	187500.000000	187500.000000	24867.477997	187500.000000	187500.000000	187500.000000	-34382.257984
54477.705595	67036.234383	-30619.051232	266.231628	33424.128106	39876.048550	20982.789514	15182.534180	-133692.980849	187500.000000	187500.000000	25466.013010	187500.000000	187500.000000	187500.000000	-33289.458846
54323.545614	66890.031623	-30757.497937	567.130812	33402.133990	39758.500726	21284.359251	15041.964059	-134628.557817	187500.000000	187500.000000	24811.397470	187500.000000	187500.000000	187500.000000	-34436.863296
54472.564694	67028.120700	-30631.747023	269.807907	33406.492580	39860.089405	21106.908751	15169.614872	-133669.690331	187500.000000	187500.000000	25526.318017	187500.000000	187500.000000	187500.000000	-33241.246133
54348.959547	66911.802222	-30733.715681	562.705167	33417.511990	39775.353941	21145.353752	15055.799789	-134623.439267	187500.000000	187500.000000	24778.808627	187500.000000	187500.000000	187500.000000	-34450.855488
54451.151723	67012.876810	-30646.499174	275.418195	33397.931862	39833.580236	21225.216535	15140.557604	-133686.543547	187500.000000	187500.000000	25559.510357	187500.000000	187500.000000	187500.000000	-33238.541572
54371.333643	66945.866280	-30706.714774	536.151294	33438.835554	39789.502596	21014.685454	15073.412964	-134590.582203	187500.000000	187500.000000	24769.599708	187500.000000	187500.000000	187500.000000	-34420.881798
54428.844682	66998.370528	-30663.419445	286.527012	33385.414885	39806.020535	21346.027714	15118.831708	-133740.098326	187500.000000	187500.000000	25556.626982	187500.000000	187500.000000	187500.000000	-33275.131378
54396.859336	66971.794304	-30676.584622	508.591593	33447.977417	39813.083686	20895.036566	15106.426490	-134531.931225	187500.000000	187500.000000	24781.781409	187500.000000	187500.000000	187500.000000	-34352.999550
54399.787414	66971.257862	-30685.480617	305.414236	33370.103940	39790.888404	21463.419075	15104.437185	-133819.290557	187500.000000	187500.000000	25528.508488	187500.000000	187500.000000	187500.000000	-33352.937800
54426.296583	67005.411328	-30646.320360	473.767575	33456.806357	39849.517029	20806.143678	15149.654764	-134439.327948	187500.000000	187500.000000	24821.455755	187500.000000	187500.000000	187500.000000	-34252.081424
54376.206324	66955.790455	-30700.456286	339.746516	33362.929030	39781.254802	21555.932946	15095.541191	-133911.312689	187500.000000	187500.000000	25473.165568	187500.000000	187500.000000	187500.000000	-33460.047359
54450.101191	67033.105139	-30627.097860	429.220549	33463.556583	39885.101007	20722.145822	15171.291253	-134326.719859	187500.000000	187500.000000	24880.017326	187500.000000	187500.000000	187500.000000	-34123.849466
54356.156809	66936.053864	-30726.808992	367.015644	33352.021379	39786.082779	21614.919199	15056.246824	-134023.920777	187500.000000	187500.000000	25402.198780	187500.000000	187500.000000	187500.000000	-33592.615556
54475.179848	67062.050648	-30604.947281	384.628819	33466.775235	39916.259338	20674.178979	15180.880151	-134205.528701	187500.000000	187500.000000	24963.814016	187500.000000	187500.000000	187500.000000	-33972.215232
54336.196701	66920.005312	-30748.356074	400.207984	33348.243934	39770.905944	21647.575098	15035.102074	-134144.351976	187500.000000	187500.000000	25315.474011	187500.000000	187500.000000	187500.000000	-33738.505392
54487.763880	67075.104067	-30604.232026	335.164408	33459.265048	39926.787010	20658.555109	15195.341730	-134081.767092	187500.000000	187500.000000	25054.115063	187500.000000	187500.000000	187500.000000	-33817.943492
54309.285201	66906.929541	-30779.089723	428.661755	33342.141907	39763.753386	21647.955078	15026.295486	-134267.688902	187500.000000	187500.000000	25213.237132	187500.000000	187500.000000	187500.000000	-33895.124065
54498.000979	67089.118611	-30608.702375	291.064416	33455.532307	39940.019243	20679.364583	15220.822718	-133960.061843	187500.000000	187500.000000	25152.730960	187500.000000	187500.000000	187500.000000	-33659.022589
54301.305628	66898.793506	-30797.574615	454.232151	33354.614181	39768.000217	21612.102880	15037.493710	-134377.883003	187500.000000	187500.000000	25112.564875	187500.000000	187500.000000	187500.000000	-34044.076090
54493.217706	67089.766811	-30622.046366	247.411459	33453.051263	39944.333129	20727.487889	15241.833358	-133858.339054	187500.000000	187500.000000	25249.290496	187500.000000	187500.000000	187500.000000	-33517.111363
54284.295950	66887.595283	-30814.897217	471.800622	33366.997047	39773.007008	21546.925193	15052.402324	-134486.467777	187500.000000	187500.000000	25001.208484	187500.000000	187500.000000	187500.000000	-34182.768665
54483.517049	67081.966052	-30634.786860	222.489264	33444.289380	39944.578999	20808.445908	15244.806140	-133771.904859	187500.000000	187500.000000	25341.379683	187500.000000	187500.000000	187500.000000	-33385.928975
54281.233761	66893.496143	-30810.940958	495.292305	33381.123350	39790.866052	21459.015782	15061.007745	-134560.273237	187500.000000	187500.000000	24913.053204	187500.000000	187500.000000	187500.000000	-34282.032762
54469.055470	67071.103104	-30645.783919	211.112226	33431.504182	39940.220408	20920.182278	15231.797425	-133704.603756	187500.000000	187500.000000	25427.076271	187500.000000	187500.000000	187500.000000	-33274.304363
54287.983988	66898.905265	-30812.326767	498.510957	33390.712248	39778.036151	21358.477635	15060.292490	-134607.211901	187500.000000	187500.000000	24840.790014	187500.000000	187500.000000	187500.000000	-34353.401882
54454.079801	67056.127436	-30672.762474	193.275534	33419.344833	39897.707391	21048.682457	15213.893677	-133671.634933	187500.000000	187500.000000	25488.655327	187500.000000	187500.000000	187500.000000	-33207.651461
54303.585506	66911.399890	-30805.174208	486.798642	33406.805504	39791.000162	21242.226212	15079.090307	-134626.523808	187500.000000	187500.000000	24785.067115	187500.000000	187500.000000	187500.000000	-34392.070400
54427.190653	67026.667837	-30696.835303	192.783796	33398.311841	39877.322600	21173.606357	15195.364081	-133670.696160	187500.000000	187500.000000	25530.989531	187500.000000	187500.000000	187500.000000	-33184.673868
54320.125797	66926.107338	-30782.509539	481.724797	33418.026080	39815.587081	21113.681330	15107.477022	-134609.894110	187500.000000	187500.000000	24755.316944	187500.000000	187500.000000	187500.000000	-34392.584490
54410.583307	67003.399671	-30710.693384	208.966459	33386.621879	39860.178812	21302.441812	15179.293177	-133702.659154	187500.000000	187500.000000	25541.003113	187500.000000	187500.000000	187500.000000	-33201.437676
54351.574701	66946.201556	-30756.939144	459.395404	33432.107679	39835.144858	20990.545570	15132.309810	-134568.655141	187500.000000	187500.000000	24749.103159	187500.000000	187500.000000	187500.000000	-34352.597219
54388.320969	66978.365717	-30739.750652	228.814808	33363.063140	39830.003957	21419.609656	15150.012392	-133771.591934	187500.000000	187500.000000	25522.920552	187500.000000	187500.000000	187500.000000	-33264.134319
54380.341396	66978.745696	-30735.950856	432.059220	33434.454612	39847.818297	20874.674126	15149.319488	-134499.677658	187500.000000	187500.000000	24772.416028	187500.000000	187500.000000	187500.000000	-34277.852986
54359.107239	66956.908042	-30765.119882	255.614550	33345.494669	39797.571575	21519.231381	15118.585839	-133862.831755	187500.000000	187500.000000	25488.945900	187500.000000	187500.000000	187500.000000	-33357.832832
54406.157661	67000.225723	-30710.939254	392.317819	33437.628560	39865.118547	20777.712259	15173.660537	-134402.715791	187500.000000	187500.000000	24829.055349	187500.000000	187500.000000	187500.000000	-34162.987371
54330.564061	66923.670998	-30789.058601	287.264620	33329.893152	39772.358808	21589.617025	15091.741394	-133969.941314	187500.000000	187500.000000	25427.389196	187500.000000	187500.000000	187500.000000	-33479.918060
54421.982696	67020.744624	-30695.181274	348.486048	33440.757804	39883.491681	20703.258598	15200.594390	-134292.208766	187500.000000	187500.000000	24895.395326	187500.000000	187500.000000	187500.000000	-34032.117907
54309.665180	66905.454326	-30811.790325	324.748495	33331.904809	39758.746595	21639.528470	15083.314786	-134091.065418	187500.000000	187500.000000	25349.918050	187500.000000	187500.000000	187500.000000	-33628.691271
54453.230435	67045.063322	-30676.584622	307.560004	33447.150403	39899.674344	20674.514255	15224.801329	-134170.950552	187500.000000	187500.000000	24986.277519	187500.000000	187500.000000	187500.000000	-33885.334001
54297.058797	66890.903341	-30827.123621	359.125478	33329.557875	39744.396775	21659.667392	15062.773533	-134214.625861	187500.000000	187500.000000	25261.338086	187500.000000	187500.000000	187500.000000	-33782.985363
54465.635653	67051.947659	-30662.503023	261.537762	33443.328255	39907.586862	20669.239243	15237.877099	-134051.771051	187500.000000	187500.000000	25083.149979	187500.000000	187500.000000	187500.000000	-33727.106002
54279.803250	66869.982108	-30837.226610	384.561763	33334.207038	39730.292825	21639.215546	15052.022344	-134336.621682	187500.000000	187500.000000	25154.273230	187500.000000	187500.000000	187500.000000	-33931.780926
54472.832915	67058.675535	-30662.123044	216.543700	33439.081423	39900.836635	20694.876694	15238.435893	-133934.245579	187500.000000	187500.000000	25180.201254	187500.000000	187500.000000	187500.000000	-33570.509681
54271.019014	66869.982108	-30851.241154	411.517967	33337.962131	39722.827342	21583.693812	15043.081646	-134443.127745	187500.000000	187500.000000	25050.382322	187500.000000	187500.000000	187500.000000	-34077.603707
54470.933017	67063.324697	-30666.705151	187.933467	33421.177676	39901.328373	20751.940698	15234.658448	-133833.953301	187500.000000	187500.000000	25281.432305	187500.000000	187500.000000	187500.000000	-33432.979397
54265.252264	66869.333907	-30848.983627	435.926072	33338.967960	39738.138287	21504.143954	15046.389705	-134527.974967	187500.000000	187500.000000	24961.377676	187500.000000	187500.000000	187500.000000	-34203.376973
54463.065203	67062.385924	-30662.815948	172.644874	33406.671394	39910.939623	20841.682952	15243.487387	-133752.391786	187500.000000	187500.000000	25378.796503	187500.000000	187500.000000	187500.000000	-33310.603596
54278.350386	66884.041355	-30825.067261	451.058203	33347.573381	39758.880706	21403.426993	15064.919301	-134596.594822	187500.000000	187500.000000	24882.051335	187500.000000	187500.000000	187500.000000	-34292.828654
54467.781421	67060.754247	-30661.631305	160.239656	33384.230242	39896.880376	20948.501938	15230.411617	-133701.385105	187500.000000	187500.000000	25458.771045	187500.000000	187500.000000	187500.000000	-33221.867171
54307.564116	66908.874143	-30803.944862	459.395404	33361.275001	39774.571630	21282.816980	15079.023251	-134632.268206	187500.000000	187500.000000	24819.622912	187500.000000	187500.000000	187500.000000	-34353.580696
54457.164342	67049.108988	-30675.265870	153.757650	33373.747274	39879.446015	21062.741704	15213.491346	-133683.034323	187500.000000	187500.000000	25511.588217	187500.000000	187500.000000	187500.000000	-33174.190900
54325.825492	66927.291981	-30789.997374	442.005747	33381.302164	39785.591040	21150.785226	15096.457612	-134641.588884	187500.000000	187500.000000	24772.751304	187500.000000	187500.000000	187500.000000	-34377.385304
54433.292679	67027.986589	-30699.897492	150.538999	33368.561669	39851.215762	21188.917302	15194.604122	-133700.312221	187500.000000	187500.000000	25539.080863	187500.000000	187500.000000	187500.000000	-33165.831347
54342.678707	66950.247222	-30767.377408	424.079648	33402.558673	39799.963212	21016.652407	15125.604287	-134616.443171	187500.000000	187500.000000	24752.500624	187500.000000	187500.000000	187500.000000	-34358.967466
54406.716455	67004.360796	-30718.225922	166.632255	33349.942666	39820.035079	21301.145411	15175.023994	-133745.239227	187500.000000	187500.000000	25542.858308	187500.000000	187500.000000	187500.000000	-33200.744772
54372.160658	66967.927452	-30744.623333	390.663790	33405.576158	39811.384953	20882.966624	15143.888014	-134558.306284	187500.000000	187500.000000	24762.380095	187500.000000	187500.000000	187500.000000	-34302.350498
54378.866181	66973.113057	-30748.668998	178.478679	33331.904809	39782.998238	21401.415336	15136.958973	-133822.106877	187500.000000	187500.000000	25517.042043	187500.000000	187500.000000	187500.000000	-33271.152767
54391.204344	66997.834086	-30725.378481	353.269321	33416.036775	39821.376183	20764.256509	15159.534235	-134474.420187	187500.000000	187500.000000	24793.583130	187500.000000	187500.000000	187500.000000	-34203.086400
54353.094620	66956.393952	-30778.150949	210.575785	33320.393660	39755.863220	21485.234378	15113.087310	-133916.140666	187500.000000	187500.000000	25463.219042	187500.000000	187500.000000	187500.000000	-33374.596640
54415.791263	67025.952581	-30709.486390	316.187777	33420.998862	39840.486925	20680.191598	15191.586636	-134367.288276	187500.000000	187500.000000	24848.724884	187500.000000	187500.000000	187500.000000	-34079.593012
54334.319155	66940.546565	-30799.966252	248.216122	33313.062288	39734.785525	21555.463559	15099.653912	-134027.944091	187500.000000	187500.000000	25396.364975	187500.000000	187500.000000	187500.000000	-33504.057944
54449.721211	67058.250851	-30681.122027	278.681550	33432.867638	39857.317788	20633.722321	15220.666256	-134250.008672	187500.000000	187500.000000	24940.322332	187500.000000	187500.000000	187500.000000	-33929.456345
54315.566041	66924.676827	-30812.237360	285.923515	33320.550122	39716.390039	21598.222446	15083.024214	-134152.152735	187500.000000	187500.000000	25321.129003	187500.000000	187500.000000	187500.000000	-33644.896286
54463.802810	67072.131285	-30664.626439	237.710802	33435.102813	39865.185602	20611.683501	15236.625402	-134130.270377	187500.000000	187500.000000	25032.858554	187500.000000	187500.000000	187500.000000	-33771.340105
54293.348407	66905.834306	-30828.241209	322.356859	33310.424782	39702.375496	21598.244798	15063.846417	-134275.154385	187500.000000	187500.000000	25221.507278	187500.000000	187500.000000	187500.000000	-33800.419724
54471.760031	67085.475276	-30656.870384	198.215270	33411.074687	39870.460614	20615.528001	15236.893623	-134008.162797	187500.000000	187500.000000	25131.697968	187500.000000	187500.000000	187500.000000	-33615.324928
54285.860573	66905.409623	-30832.577447	358.030243	33303.205169	39694.731199	21559.978611	15050.904757	-134391.741084	187500.000000	187500.000000	25126.042977	187500.000000	187500.000000	187500.000000	-33947.449499
54481.594799	67101.926160	-30643.146413	169.716796	33402.357507	39871.533498	20655.805845	15244.359105	-133900.025058	187500.000000	187500.000000	25243.747263	187500.000000	187500.000000	187500.000000	-33463.735397
54281.412575	66905.364919	-30822.742679	382.080720	33316.236236	39698.240423	21493.146896	15055.933899	-134492.368638	187500.000000	187500.000000	25030.802194	187500.000000	187500.000000	187500.000000	-34085.382114
54486.556886	67098.998082	-30637.737291	136.882083	33398.177731	39867.241963	20722.436395	15253.970355	-133804.091371	187500.000000	187500.000000	25337.222259	187500.000000	187500.000000	187500.000000	-33333.447079
54292.454337	66913.545658	-30814.181961	395.871746	33337.537448	39701.973164	21397.861409	15073.323557	-134573.147842	187500.000000	187500.000000	24933.661513	187500.000000	187500.000000	187500.000000	-34201.007688
54484.254656	67100.853276	-30642.900544	120.185330	33396.523702	39856.043739	20819.666483	15259.580643	-133740.791230	187500.000000	187500.000000	25426.115146	187500.000000	187500.000000	187500.000000	-33226.337519
54298.779881	66920.497050	-30805.576540	399.760950	33352.356655	39708.142246	21290.058945	15087.986301	-134630.703584	187500.000000	187500.000000	24865.645154	187500.000000	187500.000000	187500.000000	-34280.222271
54462.685223	67080.423782	-30653.517622	102.393341	33386.107789	39832.574407	20936.387293	15241.296916	-133705.140198	187500.000000	187500.000000	25488.610624	187500.000000	187500.000000	187500.000000	-33156.242449
54311.743893	66934.109263	-30785.147045	394.597697	33365.298315	39718.468752	21168.174883	15096.815240	-134652.831811	187500.000000	187500.000000	24797.025299	187500.000000	187500.000000	187500.000000	-34327.764431
54448.760086	67061.558910	-30673.634192	92.804443	33359.240992	39807.138122	21050.649411	15212.641980	-133697.987640	187500.000000	187500.000000	25527.145031	187500.000000	187500.000000	187500.000000	-33125.218228
54333.134512	66957.444484	-30766.125711	381.611333	33368.069931	39736.059575	21020.541611	15111.969723	-134646.126288	187500.000000	187500.000000	24766.112836	187500.000000	187500.000000	187500.000000	-34338.113289
54424.799016	67047.901994	-30689.392172	108.137740	33333.469431	39791.246032	21154.249746	15192.748927	-133728.408364	187500.000000	187500.000000	25549.921459	187500.000000	187500.000000	187500.000000	-33141.110318
54360.493047	66995.956540	-30732.575742	371.307179	33377.278850	39768.111976	20878.049240	15143.642145	-134606.049610	187500.000000	187500.000000	24766.269298	187500.000000	187500.000000	187500.000000	-34301.076448
54407.118786	67037.240212	-30698.623442	139.385478	33322.785297	39782.081816	21272.937509	15176.454505	-133780.867908	187500.000000	187500.000000	25550.949639	187500.000000	187500.000000	187500.000000	-33183.690391
54390.600847	67030.489985	-30703.674937	350.989443	33392.612146	39804.165340	20766.871663	15178.264997	-134531.819467	187500.000000	187500.000000	24794.052517	187500.000000	187500.000000	187500.000000	-34218.307938
54384.565876	67019.180002	-30724.752632	169.023892	33310.469486	39764.870973	21378.862426	15158.953090	-133865.670427	187500.000000	187500.000000	25525.558057	187500.000000	187500.000000	187500.000000	-33264.559002
54422.385028	67058.474369	-30680.697343	311.873890	33404.257405	39821.532645	20667.406400	15204.751814	-134441.496067	187500.000000	187500.000000	24849.037808	187500.000000	187500.000000	187500.000000	-34109.812571
54357.676727	66991.709708	-30748.601943	193.409645	33309.374250	39731.946854	21459.574575	15126.051322	-133973.092910	187500.000000	187500.000000	25473.009106	187500.000000	187500.000000	187500.000000	-33383.984373
54438.567691	67078.814456	-30661.117215	264.890524	33415.187408	39828.685204	20600.529981	15215.815927	-134335.414688	187500.000000	187500.000000	24913.343777	187500.000000	187500.000000	187500.000000	-33981.200633
54328.440646	66967.256900	-30773.770007	222.981003	33300.344145	39706.287051	21517.800870	15102.425528	-134093.658220	187500.000000	187500.000000	25391.179370	187500.000000	187500.000000	187500.000000	-33525.605026
54460.293586	67096.807611	-30645.828622	218.153026	33406.336118	39844.420832	20555.871195	15240.648716	-134208.993221	187500.000000	187500.000000	24989.317356	187500.000000	187500.000000	187500.000000	-33830.102841
54311.743893	66950.738961	-30793.819522	257.022709	33285.837863	39695.580565	21530.004922	15086.488734	-134211.273099	187500.000000	187500.000000	25289.478933	187500.000000	187500.000000	187500.000000	-33675.607583
54478.845534	67116.588904	-30635.055081	172.421357	33396.300184	39856.267256	20534.078244	15248.538881	-134086.304496	187500.000000	187500.000000	25084.379325	187500.000000	187500.000000	187500.000000	-33674.445292
54308.681704	66949.509615	-30800.659156	292.405521	33287.022506	39691.132568	21509.217800	15068.249711	-134333.380679	187500.000000	187500.000000	25195.422792	187500.000000	187500.000000	187500.000000	-33829.722861
54503.924191	67137.264268	-30621.286407	142.000633	33390.712248	39866.236134	20554.932422	15254.149169	-133970.075425	187500.000000	187500.000000	25188.851379	187500.000000	187500.000000	187500.000000	-33516.351404
54301.260924	66945.061618	-30803.833104	322.938004	33289.905881	39691.624307	21461.943860	15062.505312	-134443.083041	187500.000000	187500.000000	25091.263663	187500.000000	187500.000000	187500.000000	-33975.322124
54502.940715	67138.359504	-30614.200904	110.127045	33382.419751	39870.102986	20609.940065	15262.888701	-133864.910467	187500.000000	187500.000000	25289.724802	187500.000000	187500.000000	187500.000000	-33373.121425
54303.652561	66945.687466	-30791.763162	345.602673	33306.468523	39699.603879	21386.864351	15079.403231	-134535.909836	187500.000000	187500.000000	24997.162819	187500.000000	187500.000000	187500.000000	-34097.876739
54498.202145	67134.135024	-30612.010433	84.154318	33378.508196	39857.653064	20688.841723	15267.180236	-133781.672571	187500.000000	187500.000000	25383.132742	187500.000000	187500.000000	187500.000000	-33243.771880
54301.573849	66948.660248	-30786.868130	356.487972	33320.661881	39697.838092	21282.325242	15086.064051	-134605.155540	187500.000000	187500.000000	24911.153306	187500.000000	187500.000000	187500.000000	-34195.531511
54490.267276	67124.456718	-30630.137697	61.467297	33362.951382	39836.731832	20792.196189	15250.863463	-133722.060468	187500.000000	187500.000000	25457.206423	187500.000000	187500.000000	187500.000000	-33149.000484
54315.901317	66964.954670	-30777.703914	349.961263	33330.541352	39706.331754	21161.648174	15092.993092	-134640.828924	187500.000000	187500.000000	24832.788090	187500.000000	187500.000000	187500.000000	-34263.369055
54472.967025	67115.828945	-30637.402014	50.961977	33342.834812	39817.799904	20904.290188	15231.305686	-133696.221852	187500.000000	187500.000000	25512.705804	187500.000000	187500.000000	187500.000000	-33096.183311
54337.001364	66984.713612	-30749.048978	350.363594	33342.097204	39725.151923	21033.013884	15108.259333	-134652.273017	187500.000000	187500.000000	24791.280900	187500.000000	187500.000000	187500.000000	-34294.259166
54455.175037	67100.585055	-30648.197907	64.663597	33334.162335	39804.858244	21032.879774	15213.379587	-133703.597928	187500.000000	187500.000000	25555.352933	187500.000000	187500.000000	187500.000000	-33082.168768
54365.969225	67022.353950	-30723.903265	346.541446	33361.967905	39755.125613	20910.615732	15137.584822	-134625.205055	187500.000000	187500.000000	24779.993269	187500.000000	187500.000000	187500.000000	-34278.814111
54445.295566	67096.002948	-30668.605050	84.042559	33321.779468	39789.614354	21163.860996	15199.767375	-133737.729041	187500.000000	187500.000000	25576.631794	187500.000000	187500.000000	187500.000000	-33104.274643
54405.375350	67055.300421	-30697.818780	318.937042	33375.803635	39778.483186	20789.379870	15167.670270	-134568.990418	187500.000000	187500.000000	24796.935892	187500.000000	187500.000000	187500.000000	-34223.493543
54425.514272	67075.618157	-30681.949041	107.400132	33303.473390	39763.127537	21271.395239	15177.214465	-133809.209920	187500.000000	187500.000000	25559.912689	187500.000000	187500.000000	187500.000000	-33172.536871
54437.539510	67093.924236	-30655.082244	306.196547	33385.280774	39804.947651	20676.369450	15198.739195	-134492.681562	187500.000000	187500.000000	24831.759910	187500.000000	187500.000000	187500.000000	-34135.874705
54404.280115	67061.558910	-30693.080210	155.702252	33293.638622	39749.090642	21367.418333	15159.824808	-133902.796674	187500.000000	187500.000000	25528.061453	187500.000000	187500.000000	187500.000000	-33264.871927
54466.127392	67123.227373	-30629.444793	273.339483	33394.310879	39830.205122	20589.778792	15228.355256	-134392.970430	187500.000000	187500.000000	24902.100849	187500.000000	187500.000000	187500.000000	-34009.475590
54383.805917	67042.425816	-30721.243408	186.368845	33286.843692	39724.838999	21435.948781	15130.521671	-134016.611757	187500.000000	187500.000000	25470.997449	187500.000000	187500.000000	187500.000000	-33388.186501
54489.909648	67143.701570	-30619.610026	220.432904	33397.976565	39837.134163	20521.404805	15239.866405	-134278.529498	187500.000000	187500.000000	24974.364039	187500.000000	187500.000000	187500.000000	-33865.016266
54362.460001	67012.116851	-30745.383292	212.162758	33285.234366	39701.637888	21473.186788	15106.627656	-134141.021567	187500.000000	187500.000000	25375.466093	187500.000000	187500.000000	187500.000000	-33535.216276
54500.973761	67155.547995	-30601.236892	175.103566	33399.518835	39847.438317	20492.749869	15252.405733	-134158.947666	187500.000000	187500.000000	25053.198642	187500.000000	187500.000000	187500.000000	-33716.712441
54330.698172	66990.435659	-30757.855565	249.646634	33288.587128	39695.334696	21482.418058	15092.903685	-134267.979475	187500.000000	187500.000000	25276.984307	187500.000000	187500.000000	187500.000000	-33692.371391
54511.702599	67169.361373	-30596.990060	132.992880	33398.513007	39864.045663	20504.104555	15275.226864	-134040.192847	187500.000000	187500.000000	25152.686256	187500.000000	187500.000000	187500.000000	-33558.417387
54328.239480	66986.255883	-30774.015877	272.065434	33287.648354	39690.305554	21461.899157	15099.229228	-134384.521471	187500.000000	187500.000000	25172.422847	187500.000000	187500.000000	187500.000000	-33842.575114
54519.749227	67175.888082	-30590.038668	95.374894	33384.744332	39865.632637	20544.717675	15296.393966	-133927.405945	187500.000000	187500.000000	25251.592726	187500.000000	187500.000000	187500.000000	-33403.162170
54316.370704	66982.679603	-30771.534833	301.703847	33292.252814	39690.976106	21407.070328	15110.919191	-134488.635896	187500.000000	187500.000000	25070.342430	187500.000000	187500.000000	187500.000000	-33979.792473
54523.236099	67185.119353	-30581.008563	70.676216	33373.032018	39863.062187	20621.786490	15307.525135	-133835.786144	187500.000000	187500.000000	25346.699398	187500.000000	187500.000000	187500.000000	-33270.996305
54328.418294	66995.889484	-30756.939144	327.430705	33303.205169	39697.122836	21330.403844	15115.836575	-134576.590011	187500.000000	187500.000000	24979.102609	187500.000000	187500.000000	187500.000000	-34099.530768
54514.608325	67180.291376	-30588.608156	49.151486	33364.158376	39847.170096	20711.707558	15288.749670	-133763.969989	187500.000000	187500.000000	25441.560202	187500.000000	187500.000000	187500.000000	-33158.321161
54328.060666	67005.053700	-30757.632048	332.839827	33316.996195	39697.905147	21214.375939	15113.288476	-134635.732727	187500.000000	187500.000000	24898.055184	187500.000000	187500.000000	187500.000000	-34188.267194
54506.293476	67173.027059	-30602.019203	37.126248	33351.574344	39825.399497	20816.000797	15268.230768	-133719.065335	187500.000000	187500.000000	25508.436621	187500.000000	187500.000000	187500.000000	-33083.465169
54350.971204	67028.187755	-30733.983902	335.075001	33333.894114	39706.711734	21085.965167	15124.978438	-134662.130137	187500.000000	187500.000000	24841.773491	187500.000000	187500.000000	187500.000000	-34243.610113
54494.737624	67165.695687	-30615.743174	38.668518	33337.358634	39803.763009	20932.989828	15254.193873	-133709.141160	187500.000000	187500.000000	25565.344163	187500.000000	187500.000000	187500.000000	-33047.076529
54377.100393	67054.987497	-30716.504838	328.749457	33346.679312	39729.666976	20957.979078	15158.886034	-134659.738500	187500.000000	187500.000000	24818.751194	187500.000000	187500.000000	187500.000000	-34251.634389
54480.544267	67141.935783	-30637.692587	41.909521	33314.492800	39784.026418	21060.171254	15244.895547	-133729.794172	187500.000000	187500.000000	25591.898035	187500.000000	187500.000000	187500.000000	-33045.668369
54398.535716	67071.013698	-30698.019945	297.077036	33349.763852	39742.742746	20828.741292	15186.512791	-134621.740535	187500.000000	187500.000000	24793.337261	187500.000000	187500.000000	187500.000000	-34219.000842
54449.542397	67117.237105	-30667.040428	50.380832	33290.241157	39753.493935	21179.686031	15222.521451	-133779.191527	187500.000000	187500.000000	25574.351916	187500.000000	187500.000000	187500.000000	-33086.527358
54433.851473	67107.938779	-30675.422332	277.161631	33354.927105	39769.162508	20720.760014	15217.224087	-134548.315054	187500.000000	187500.000000	24809.005834	187500.000000	187500.000000	187500.000000	-34144.122499
54439.193540	67112.185611	-30682.954870	86.747120	33275.019619	39740.932255	21299.960768	15203.120137	-133839.228313	187500.000000	187500.000000	25554.525918	187500.000000	187500.000000	187500.000000	-33150.855678
54464.585121	67140.907602	-30646.432119	242.516427	33366.684123	39793.637668	20615.885629	15237.810044	-134444.357091	187500.000000	187500.000000	24858.470244	187500.000000	187500.000000	187500.000000	-34032.542590
54408.258725	67079.037974	-30709.508742	111.848129	33268.179985	39713.417257	21371.262833	15166.865607	-133945.957893	187500.000000	187500.000000	25496.925473	187500.000000	187500.000000	187500.000000	-33271.979782
54485.327540	67153.581042	-30626.047328	193.633162	33374.060199	39803.561843	20527.395073	15252.048105	-134347.104650	187500.000000	187500.000000	24915.489544	187500.000000	187500.000000	187500.000000	-33916.268816
54385.974036	67054.182834	-30722.316292	141.330080	33269.252869	39684.248231	21427.343360	15137.406008	-134072.267601	187500.000000	187500.000000	25420.057824	187500.000000	187500.000000	187500.000000	-33420.373013
54501.756072	67175.552806	-30599.560511	149.667281	33381.346867	39810.513235	20481.305776	15262.486370	-134234.250693	187500.000000	187500.000000	24993.966519	187500.000000	187500.000000	187500.000000	-33778.291497
54360.381289	67038.134281	-30740.130632	179.216287	33266.078921	39662.835260	21456.758256	15115.836575	-134198.219681	187500.000000	187500.000000	25325.867573	187500.000000	187500.000000	187500.000000	-33574.868271
54524.465445	67199.737394	-30586.931775	106.327248	33375.133082	39811.004974	20468.162950	15275.919768	-134115.071191	187500.000000	187500.000000	25092.694174	187500.000000	187500.000000	187500.000000	-33622.343376
54351.731163	67030.847613	-30750.323027	207.446540	33261.027427	39641.802268	21445.828253	15105.443013	-134326.004604	187500.000000	187500.000000	25229.419795	187500.000000	187500.000000	187500.000000	-33731.241075
54542.369192	67217.842307	-30573.252508	64.238914	33365.924164	39811.161436	20478.154180	15290.582513	-133999.132693	187500.000000	187500.000000	25192.651176	187500.000000	187500.000000	187500.000000	-33468.965706
54351.574701	67028.768900	-30754.748673	233.799247	33264.357837	39640.796440	21395.514476	15105.711234	-134438.679747	187500.000000	187500.000000	25131.362692	187500.000000	187500.000000	187500.000000	-33881.020115
54551.198131	67222.402063	-30562.903650	34.779314	33358.190460	39820.057430	20525.316361	15304.619408	-133893.677162	187500.000000	187500.000000	25295.335090	187500.000000	187500.000000	187500.000000	-33324.327567
54346.880835	67028.075996	-30740.175335	262.722404	33275.891337	39650.742966	21327.408710	15114.450766	-134534.322862	187500.000000	187500.000000	25033.774976	187500.000000	187500.000000	187500.000000	-34010.816695
54542.480951	67216.680016	-30560.355551	9.499491	33350.210887	39816.078820	20601.982844	15302.741862	-133805.566586	187500.000000	187500.000000	25389.190065	187500.000000	187500.000000	187500.000000	-33194.061600
54349.205416	67032.211069	-30736.688463	277.049873	33286.419009	39654.162783	21226.870564	15117.557659	-134610.430552	187500.000000	187500.000000	24937.617771	187500.000000	187500.000000	187500.000000	-34115.199341
54536.647145	67213.886048	-30575.398275	-9.834768	33329.893152	39794.397628	20694.831991	15282.871161	-133744.792193	187500.000000	187500.000000	25463.308449	187500.000000	187500.000000	187500.000000	-33096.742105
54363.599940	67052.327639	-30727.770117	282.302532	33295.605576	39662.276466	21106.260551	15126.498357	-134653.301198	187500.000000	187500.000000	24867.075666	187500.000000	187500.000000	187500.000000	-34189.027153
54519.972744	67205.213571	-30583.377848	-15.310945	33319.253721	39778.796110	20808.177687	15275.226864	-133710.839893	187500.000000	187500.000000	25528.754357	187500.000000	187500.000000	187500.000000	-33035.163049
54378.128574	67069.091447	-30702.289129	279.061530	33316.079773	39678.168556	20975.704011	15154.482741	-134667.852183	187500.000000	187500.000000	24816.270151	187500.000000	187500.000000	187500.000000	-34228.142706
54503.410101	67188.315652	-30597.750020	-16.920271	33310.402430	39758.053691	20927.938334	15271.225902	-133716.092553	187500.000000	187500.000000	25567.713448	187500.000000	187500.000000	187500.000000	-33015.158238
54404.660094	67097.925198	-30683.379553	253.513486	33332.843582	39696.698153	20843.269926	15184.657596	-134650.931913	187500.000000	187500.000000	24797.181761	187500.000000	187500.000000	187500.000000	-34217.346813
54476.431546	67167.819103	-30627.120212	-27.559701	33296.946680	39733.824400	21044.145053	15249.120027	-133750.178963	187500.000000	187500.000000	25586.600672	187500.000000	187500.000000	187500.000000	-33031.318549
54419.836929	67115.717186	-30677.255175	207.938279	33347.528678	39712.567891	20707.930113	15206.718767	-134602.406276	187500.000000	187500.000000	24797.226464	187500.000000	187500.000000	187500.000000	-34169.536432
54444.177979	67135.654942	-30671.086093	-25.458637	33282.708619	39705.504740	21153.266269	15225.091901	-133813.680269	187500.000000	187500.000000	25565.880604	187500.000000	187500.000000	187500.000000	-33092.405867
54434.857301	67130.402283	-30667.398055	173.762461	33357.452852	39733.980862	20592.237484	15242.816835	-134523.191693	187500.000000	187500.000000	24817.879476	187500.000000	187500.000000	187500.000000	-34089.003097
54407.990504	67104.541314	-30707.631196	29.057268	33268.224689	39685.298763	21252.575070	15218.207564	-133899.265098	187500.000000	187500.000000	25521.579447	187500.000000	187500.000000	187500.000000	-33186.394952
54448.894197	67152.597565	-30661.541898	163.748880	33361.498518	39758.567781	20502.718747	15280.121896	-134420.954814	187500.000000	187500.000000	24873.065933	187500.000000	187500.000000	187500.000000	-33968.035456
54369.411393	67066.655107	-30749.719530	69.491574	33255.663008	39655.213315	21327.565173	15187.250398	-134008.274556	187500.000000	187500.000000	25457.184071	187500.000000	187500.000000	187500.000000	-33305.350936
54470.217761	67161.672373	-30650.544840	126.935557	33365.633591	39763.641627	20445.006543	15288.749670	-134306.379772	187500.000000	187500.000000	24934.555582	187500.000000	187500.000000	187500.000000	-33825.766602
54346.925538	67036.457901	-30776.631031	105.321420	33251.438528	39630.939320	21385.545598	15156.963784	-134128.102258	187500.000000	187500.000000	25366.614803	187500.000000	187500.000000	187500.000000	-33445.921057
54483.315883	67176.290414	-30643.392282	78.856954	33360.336227	39770.637723	20414.988150	15292.728280	-134188.809596	187500.000000	187500.000000	25014.217200	187500.000000	187500.000000	187500.000000	-33675.764045
54332.307498	67027.450148	-30793.104266	142.447667	33251.997322	39618.712916	21403.739918	15136.780159	-134252.400309	187500.000000	187500.000000	25265.607269	187500.000000	187500.000000	187500.000000	-33596.236538
54505.667628	67193.143629	-30629.713014	41.708355	33364.784225	39788.340305	20422.766557	15312.308408	-134063.237496	187500.000000	187500.000000	25114.464773	187500.000000	187500.000000	187500.000000	-33509.779991
54320.572832	67011.334540	-30803.363717	182.770214	33259.082825	39621.797457	21386.193798	15137.562470	-134368.450566	187500.000000	187500.000000	25171.372315	187500.000000	187500.000000	187500.000000	-33742.685168
54511.657895	67198.061013	-30619.833543	16.026201	33363.711341	39799.829102	20457.612927	15338.951688	-133948.617750	187500.000000	187500.000000	25217.282798	187500.000000	187500.000000	187500.000000	-33355.508251
54310.402788	67001.969159	-30801.419115	214.688505	33269.275221	39625.396088	21340.395074	15151.934642	-134479.114053	187500.000000	187500.000000	25070.163616	187500.000000	187500.000000	187500.000000	-33884.395228
54514.116587	67193.054222	-30619.364157	-20.071867	33349.361521	39789.435540	20520.890715	15334.079007	-133853.622836	187500.000000	187500.000000	25312.076546	187500.000000	187500.000000	187500.000000	-33216.614511
54318.270602	66998.884618	-30802.134371	227.920738	33270.593973	39617.014184	21249.848157	15135.282592	-134568.431624	187500.000000	187500.000000	24967.457350	187500.000000	187500.000000	187500.000000	-34010.392011
54515.010657	67185.521684	-30631.769375	-47.966844	33326.920369	39772.381159	20595.791411	15312.084891	-133776.554021	187500.000000	187500.000000	25390.017079	187500.000000	187500.000000	187500.000000	-33106.174541
54325.736085	67008.920551	-30800.905025	234.738020	33276.494834	39619.763448	21130.825118	15136.310772	-134630.882398	187500.000000	187500.000000	24873.423561	187500.000000	187500.000000	187500.000000	-34110.058440
54499.342084	67175.306937	-30648.801404	-65.870591	33309.709526	39747.078985	20695.569598	15298.651492	-133730.621187	187500.000000	187500.000000	25457.742865	187500.000000	187500.000000	187500.000000	-33029.172782
54339.348297	67025.036159	-30790.355002	235.475628	33285.636697	39624.144390	21009.298683	15150.325316	-134667.807480	187500.000000	187500.000000	24808.849372	187500.000000	187500.000000	187500.000000	-34172.196290
54478.912589	67158.990164	-30671.756646	-68.843373	33289.481198	39719.474580	20807.060099	15275.472733	-133716.986622	187500.000000	187500.000000	25512.191714	187500.000000	187500.000000	187500.000000	-32990.884243
54351.462943	67036.681418	-30775.066409	226.646689	33296.410238	39637.421326	20869.801446	15171.559473	-134675.630590	187500.000000	187500.000000	24766.582223	187500.000000	187500.000000	187500.000000	-34200.605357
54455.577368	67135.833756	-30688.788675	-62.629588	33274.550232	39702.867234	20924.652627	15264.699193	-133739.271312	187500.000000	187500.000000	25534.610514	187500.000000	187500.000000	187500.000000	-32992.962956
54371.154829	67055.166311	-30757.073254	202.506805	33308.167256	39660.622437	20733.209936	15197.956884	-134646.908599	187500.000000	187500.000000	24747.873813	187500.000000	187500.000000	187500.000000	-34180.019400
54424.955478	67103.379023	-30722.472754	-55.655844	33255.551249	39677.386245	21038.892393	15239.441721	-133788.467501	187500.000000	187500.000000	25532.084767	187500.000000	187500.000000	187500.000000	-33030.312721
54394.311237	67078.412125	-30741.583495	169.895610	33317.197361	39681.253097	20609.202458	15222.409692	-134589.151691	187500.000000	187500.000000	24751.830071	187500.000000	187500.000000	187500.000000	-34122.687176
54412.349094	67082.390735	-30741.874068	-23.670497	33244.934171	39660.443623	21148.371237	15219.503965	-133864.172860	187500.000000	187500.000000	25500.926435	187500.000000	187500.000000	187500.000000	-33109.616710
54432.778589	67113.347902	-30705.418373	149.242598	33331.301311	39712.277319	20503.769279	15248.762399	-134498.113036	187500.000000	187500.000000	24790.632700	187500.000000	187500.000000	187500.000000	-34018.840971
54393.171298	67069.605538	-30756.022722	17.367305	33233.132450	39643.344539	21237.219422	15187.049232	-133957.379634	187500.000000	187500.000000	25453.764254	187500.000000	187500.000000	187500.000000	-33210.311319
54462.640519	67145.936745	-30680.809102	118.710115	33336.263399	39734.494952	20422.252467	15267.426105	-134388.634192	187500.000000	187500.000000	24857.106788	187500.000000	187500.000000	187500.000000	-33888.060914
54367.422088	67048.818415	-30775.759313	56.415803	33224.862304	39623.697355	21300.474858	15164.071639	-134070.322999	187500.000000	187500.000000	25390.911149	187500.000000	187500.000000	187500.000000	-33336.062233
54490.289627	67169.942518	-30650.388378	78.029940	33338.677387	39752.331645	20369.681164	15292.929446	-134269.320580	187500.000000	187500.000000	24939.718835	187500.000000	187500.000000	187500.000000	-33739.444165
54357.788486	67039.967124	-30777.726266	93.922030	33231.299607	39615.516617	21338.249306	15158.818979	-134186.641477	187500.000000	187500.000000	25312.233008	187500.000000	187500.000000	187500.000000	-33480.990944
54515.725913	67191.869580	-30629.064814	31.918291	33347.439271	39766.525002	20355.934841	15318.164565	-134137.959378	187500.000000	187500.000000	25045.375531	187500.000000	187500.000000	187500.000000	-33576.187024
54338.454227	67024.119738	-30797.082877	119.291260	33231.523124	39602.977288	21341.445606	15146.950203	-134304.144598	187500.000000	187500.000000	25213.818278	187500.000000	187500.000000	187500.000000	-33630.010024
54514.429511	67197.412812	-30632.171706	-15.534462	33335.861067	39770.011874	20366.507216	15325.317124	-134012.901367	187500.000000	187500.000000	25139.610486	187500.000000	187500.000000	187500.000000	-33416.528513
54323.143282	67009.814621	-30815.411307	138.670223	33230.874924	39588.560413	21295.557475	15131.505147	-134415.903320	187500.000000	187500.000000	25105.680538	187500.000000	187500.000000	187500.000000	-33779.319677
54523.057285	67205.347682	-30627.187267	-57.153411	33324.238160	39760.132403	20397.710252	15323.372522	-133904.249537	187500.000000	187500.000000	25235.991208	187500.000000	187500.000000	187500.000000	-33268.828186
54332.262794	67014.061453	-30802.380240	170.141479	33244.353025	39588.828634	21222.243753	15136.131959	-134512.731077	187500.000000	187500.000000	25010.529162	187500.000000	187500.000000	187500.000000	-33911.798467
54535.596613	67207.024063	-30617.553665	-71.704396	33323.232332	39755.952627	20469.414648	15329.921583	-133809.500493	187500.000000	187500.000000	25336.372892	187500.000000	187500.000000	187500.000000	-33139.098661
54346.009117	67025.192621	-30790.220891	198.818767	33262.413235	39599.915099	21131.495670	15155.957956	-134590.090464	187500.000000	187500.000000	24922.753861	187500.000000	187500.000000	187500.000000	-34025.434735
54534.814302	67208.812202	-30622.985139	-86.322437	33314.023413	39749.738842	20569.930443	15334.660153	-133746.736794	187500.000000	187500.000000	25422.181239	187500.000000	187500.000000	187500.000000	-33036.772375
54362.057669	67048.751360	-30771.847757	212.296869	33277.590069	39617.394163	21022.732082	15175.471029	-134643.444078	187500.000000	187500.000000	24853.508157	187500.000000	187500.000000	187500.000000	-34104.783428
54524.778369	67205.727661	-30622.783974	-81.069777	33305.417991	39746.699005	20690.831028	15329.273382	-133707.330669	187500.000000	187500.000000	25508.146049	187500.000000	187500.000000	187500.000000	-32964.308019
54378.888533	67067.035087	-30749.965399	218.845930	33295.985555	39646.652597	20904.871333	15194.335901	-134659.179706	187500.000000	187500.000000	24818.304159	187500.000000	187500.000000	187500.000000	-34138.556914
54507.634581	67188.047431	-30643.369930	-76.621780	33289.615308	39732.282130	20815.129079	15300.506687	-133706.771875	187500.000000	187500.000000	25562.259622	187500.000000	187500.000000	187500.000000	-32930.087498
54398.513365	67081.139038	-30738.074271	202.037418	33305.261529	39661.918838	20770.157369	15202.583695	-134649.546105	187500.000000	187500.000000	24792.264377	187500.000000	187500.000000	187500.000000	-34135.360615
54485.931037	67160.286565	-30672.896585	-75.101861	33268.157633	39706.398810	20928.899459	15271.337661	-133733.348099	187500.000000	187500.000000	25575.693020	187500.000000	187500.000000	187500.000000	-32943.163269
54423.323801	67104.317797	-30722.115126	178.523383	33306.334413	39686.282240	20638.639705	15224.510756	-134599.433494	187500.000000	187500.000000	24786.385868	187500.000000	187500.000000	187500.000000	-34096.669745
54456.806714	67135.654942	-30704.054916	-58.606274	33242.274313	39685.276411	21047.006076	15247.622460	-133792.088484	187500.000000	187500.000000	25557.342238	187500.000000	187500.000000	187500.000000	-32993.477046
54447.709554	67129.910544	-30700.970376	148.572045	33315.565683	39708.902205	20525.249305	15255.624384	-134527.416173	187500.000000	187500.000000	24798.321700	187500.000000	187500.000000	187500.000000	-34014.214160
54440.400534	67117.438271	-30715.610768	-23.089352	33238.139241	39669.339617	21151.925165	15232.445625	-133874.655828	187500.000000	187500.000000	25517.824354	187500.000000	187500.000000	187500.000000	-33078.592489
54487.786232	67163.393457	-30659.217317	117.637231	33333.871762	39739.077060	20435.037665	15290.247237	-134431.616596	187500.000000	187500.000000	24851.965887	187500.000000	187500.000000	187500.000000	-33901.203740
54427.190653	67100.585055	-30724.350300	20.407143	33232.730118	39657.962579	21240.102797	15215.212430	-133982.480643	187500.000000	187500.000000	25463.554318	187500.000000	187500.000000	187500.000000	-33197.123789
54521.738532	67195.423507	-30623.163953	89.697550	33347.506326	39773.878726	20372.028097	15324.557164	-134318.650880	187500.000000	187500.000000	24927.134803	187500.000000	187500.000000	187500.000000	-33763.494642
54404.861260	67087.933968	-30732.799260	65.155335	33235.926418	39654.721577	21294.082259	15206.048215	-134098.687363	187500.000000	187500.000000	25398.533094	187500.000000	187500.000000	187500.000000	-33329.781393
54539.016430	67221.731510	-30599.895787	59.701509	33350.143832	39795.358753	20327.369312	15344.316106	-134192.832910	187500.000000	187500.000000	25027.829412	187500.000000	187500.000000	187500.000000	-33604.417277
54390.220867	67069.136151	-30747.171431	103.153301	33235.568790	39642.651635	21306.129850	15188.412689	-134222.113695	187500.000000	187500.000000	25313.864686	187500.000000	187500.000000	187500.000000	-33476.945278
54562.150486	67234.159080	-30585.724781	17.009678	33349.585038	39801.773703	20319.590905	15356.453104	-134073.206374	187500.000000	187500.000000	25123.606637	187500.000000	187500.000000	187500.000000	-33445.898705
54379.290864	67062.318869	-30750.188917	137.329118	33246.007055	39633.777992	21295.088088	15181.774221	-134342.991929	187500.000000	187500.000000	25211.650158	187500.000000	187500.000000	187500.000000	-33632.044033
54572.476992	67247.212499	-30568.804511	-26.263300	33346.142870	39806.646384	20355.867786	15368.679508	-133956.686730	187500.000000	187500.000000	25228.391615	187500.000000	187500.000000	187500.000000	-33292.275166
54375.558123	67057.267375	-30749.652475	165.469964	33251.483232	39634.984986	21254.385561	15180.097840	-134449.497992	187500.000000	187500.000000	25112.542523	187500.000000	187500.000000	187500.000000	-33776.212785
54576.097974	67251.749903	-30570.078560	-55.253512	33340.934913	39811.899044	20420.486679	15372.747525	-133850.404185	187500.000000	187500.000000	25330.248514	187500.000000	187500.000000	187500.000000	-33146.854716
54375.446364	67060.038991	-30752.602905	185.295962	33263.799043	39651.100594	21187.553845	15185.462259	-134535.798077	187500.000000	187500.000000	25019.201639	187500.000000	187500.000000	187500.000000	-33897.940385
54569.705375	67247.927755	-30573.252508	-78.968713	33327.523867	39813.530721	20516.152145	15368.992432	-133765.266390	187500.000000	187500.000000	25420.571914	187500.000000	187500.000000	187500.000000	-33027.406994
54383.649455	67068.309136	-30735.101489	199.444616	33272.315058	39667.529126	21097.565722	15197.442794	-134599.835825	187500.000000	187500.000000	24935.248486	187500.000000	187500.000000	187500.000000	-34000.378430
54567.716070	67240.730493	-30571.844348	-89.585792	33313.464619	39811.384953	20627.173260	15361.750467	-133707.308317	187500.000000	187500.000000	25505.821467	187500.000000	187500.000000	187500.000000	-32936.949484
54406.157661	67090.437363	-30712.213303	208.407665	33287.357782	39691.199623	20983.482418	15211.971427	-134632.536427	187500.000000	187500.000000	24874.742314	187500.000000	187500.000000	187500.000000	-34060.146995
54554.305023	67231.588630	-30579.667458	-95.486652	33299.561834	39817.129352	20750.644296	15344.003182	-133680.977962	187500.000000	187500.000000	25563.176043	187500.000000	187500.000000	187500.000000	-32885.182844
54417.557051	67101.702643	-30694.667184	194.191956	33296.410238	39733.779697	20855.853958	15224.287239	-134640.359538	187500.000000	187500.000000	24831.201116	187500.000000	187500.000000	187500.000000	-34088.466655
54529.136959	67206.867600	-30597.392392	-92.916202	33279.624078	39811.139084	20870.181426	15325.428882	-133694.478416	187500.000000	187500.000000	25590.847503	187500.000000	187500.000000	187500.000000	-32874.722227
